{"queries": [
{"text": "king hussein peace  saddam husseins Hussein conciliation leaders kings", "number": "450"}, 
{"text": "turkey iraq water  turkeys iraqs Water Iraq sea ocean", "number": "601"}, 
{"text": "czech slovak sovereignty  sovereignties slovaks Slovaks slavic europeans european", "number": "602"}, 
{"text": "tobacco cigarette lawsuit  CIGARETTES lawsuits cigarettes suit suits moot", "number": "603"}, 
{"text": "lyme disease arthritis  illnesses illness endemic rheumatism malady sickness", "number": "604"}, 
{"text": "great britain health care  britains uks attention CARE uk nursing", "number": "605"}, 
{"text": "leg traps ban  BAN legs TRAPS bans prohibition prohibitions", "number": "606"}, 
{"text": "human genetic code  codes humans mankinds humankinds mankind prints", "number": "607"}, 
{"text": "taxing social security  securitys SECURITY securities parties insurance safety", "number": "608"}, 
{"text": "per capita alcohol consumption  ALCOHOL head alcohols heads intake sucks", "number": "609"}, 
{"text": "minimum wage adverse impact  minima impacts remuneration pays wages remunerations", "number": "610"}, 
{"text": "kurds germany violence  germanys frg kurd deutschland asian riots", "number": "611"}, 
{"text": "tibet protesters  dissidents tibets dissident TIBET reformers someone", "number": "612"}, 
{"text": "berlin wall disposal  berlins administrations administration WALL walls disposals", "number": "613"}, 
{"text": "flavr savr tomato  TOMATO tomatoes tomatos herbs eggplants dill", "number": "614"}, 
{"text": "timber exports asia  asias Asia export timbers lumber planks", "number": "615"}, 
{"text": "volkswagen mexico  Mexico mexicos canada canadas countries country", "number": "616"}, 
{"text": "russia cuba economy  CUBA economys economies cubas system countrys", "number": "617"}, 
{"text": "ayatollah khomeini death  deaths DEATH KHOMEINI khomeinis martyrdom going", "number": "618"}, 
{"text": "winnie mandela scandal  Mandela mandelas MANDELA watergate statesmen statesman", "number": "619"}, 
{"text": "france nuclear testing  frances examination experiments writer experiment authors", "number": "620"}, 
{"text": "women ordained church of england  churchs CHURCH womans englands churches WOMEN", "number": "621"}, 
{"text": "price fixing  cost terms prices lock nail improvements", "number": "622"}, 
{"text": "toxic chemical weapon  weapons chemicals WEAPONS instruments compound fertilizers", "number": "623"}, 
{"text": "sdi star wars  Wars stars war whiz experts expert", "number": "624"}, 
{"text": "arrests bombing wtc  wtcs stay arrest bombings capture attack", "number": "625"}, 
{"text": "human stampede  humans stampedes STAMPEDE travel mankind travels", "number": "626"}, 
{"text": "russian food crisis  foods crises nutrients russians feed cheese", "number": "627"}, 
{"text": "us invasion of panama  INVASION usa U.S. america intrusion PANAMA", "number": "628"}, 
{"text": "abortion clinic attack  CLINICS clinics CLINIC abortions miscarriage ABORTION", "number": "629"}, 
{"text": "gulf war syndrome  syndromes wars WAR gulfs warfare vietnams", "number": "630"}, 
{"text": "mandela south africa president  presidents Mandela AFRICA mandelas africas Africa", "number": "631"}, 
{"text": "southeast asia tin mining  asias se continent east defense metals", "number": "632"}, 
{"text": "welsh devolution  Welsh Devolution DEVOLUTION relegation european europeans", "number": "633"}, 
{"text": "l tryptophan deaths  death tryptophans 50 alteration fatalities going", "number": "634"}, 
{"text": "doctor assisted suicides  suicide DOCTOR SUICIDE physicians physician doctors", "number": "635"}, 
{"text": "jury duty exemptions  DUTY JURY obligations juries responsibilities jurys", "number": "636"}, 
{"text": "human growth hormone hgh  humans HORMONE endocrine hormones growing steroids", "number": "637"}, 
{"text": "wrongful convictions  conviction sentence sentences belief believes faith", "number": "638"}, 
{"text": "consumer on line shopping  consumers lines CONSUMER guidelines customers row", "number": "639"}, 
{"text": "maternity leave policies  pregnancies LEAVE pregnancy policy gestation motherhood", "number": "640"}, 
{"text": "valdez wildlife marine life  living VALDEZ lives valdezs WILDLIFE marines", "number": "641"}, 
{"text": "tiananmen square protesters  dissident dissidents squares protester Square number", "number": "642"}, 
{"text": "salmon dams pacific northwest  salmons dam northwests dike coho rivers", "number": "643"}, 
{"text": "exotic animals import  ANIMALS imports creatures importations animal beast", "number": "644"}, 
{"text": "software piracy  Piracy upgrades documentation freeware assembler windows", "number": "645"}, 
{"text": "food stamps increase  foods mold stamp Foods mould increases", "number": "646"}, 
{"text": "windmill electricity  Windmill windmills generator energy generators engine", "number": "647"}, 
{"text": "family leave law  household families households LAWS familys laws", "number": "648"}, 
{"text": "computer viruses  calculator COMPUTERS VIRUS VIRUSES virus computers", "number": "649"}, 
{"text": "tax evasion indicted  EVASION taxation TAX taxes levy rates", "number": "650"}, 
{"text": "us ethnic population  populations ethnics america group someone individuals", "number": "651"}, 
{"text": "oic balkans 1990s  Balkans decades arabia period ground", "number": "652"}, 
{"text": "eta basque terrorism  basques etas Eta letter european portuguese", "number": "653"}, 
{"text": "same sex schools  school sexes bestiality homosexuality category intercourse", "number": "654"}, 
{"text": "add diagnosis treatment  adds diagnosing treatments diagnoses dealing management", "number": "655"}, 
{"text": "lead poisoning children  childs POISONING poisonings pb minor youngsters", "number": "656"}, 
{"text": "school prayer banned  prayers schools PRAYER petition petitions SCHOOL", "number": "657"}, 
{"text": "teenage pregnancy  pregnancies maternity gestations status infertility dependency", "number": "658"}, 
{"text": "cruise health safety  sail cruises sails wellness SAIL voyage", "number": "659"}, 
{"text": "whale watching california  ca CALIFORNIA whales observations WATCHING californias", "number": "660"}, 
{"text": "melanoma treatment causes  cause treatments melanomas dealing management factors", "number": "661"}, 
{"text": "telemarketer protection  protections preservation screens defense activity shield", "number": "662"}, 
{"text": "agent orange exposure  agents exposures motor influence representative causation", "number": "663"}, 
{"text": "american indian museum  museums INDIANS americans indians MUSEUM asian", "number": "664"}, 
{"text": "poverty africa sub sahara  saharas africas Africa Sahara wants want", "number": "665"}, 
{"text": "thatcher resignation impact  resignations thatchers RESIGNATION Thatcher striking results", "number": "666"}, 
{"text": "unmarried partner households  family household partners spouses families FAMILY", "number": "667"}, 
{"text": "poverty disease  POVERTY diseases illnesses illness want endemic", "number": "668"}, 
{"text": "islamic revolution  revolutions change changes coup gathering birth", "number": "669"}, 
{"text": "us elections apathy  APATHY election america americas ELECTION unions", "number": "670"}, 
{"text": "salvation army benefits  Army ARMY armies armys salvations benefit", "number": "671"}, 
{"text": "nra membership profile  MEMBERSHIP NRA nras profiles memberships body", "number": "672"}, 
{"text": "soviet withdrawal afghanistan  afghanistans soviets AFGHANISTAN WITHDRAWAL withdrawals councils", "number": "673"}, 
{"text": "greenpeace prosecuted  GREENPEACE Greenpeace greenpeaces organizations committees organisation", "number": "674"}, 
{"text": "olympics training swimming  breeding olympiads olympiad swims swim TRAINING", "number": "675"}, 
{"text": "poppy cultivation  poppies cultivations farming flower flowers agriculture", "number": "676"}, 
{"text": "leaning tower of pisa  tendency pisas towers TOWER propensity shape", "number": "677"}, 
{"text": "joint custody impact  impacts detentions CUSTODY detention result blow", "number": "678"}, 
{"text": "opening adoption records  acceptance ADOPTIONS RECORDS openings adoptions record", "number": "679"}, 
{"text": "immigrants spanish school  immigrant IMMIGRANTS schools SCHOOL SCHOOLS buildings", "number": "680"}, 
{"text": "wind power location  winds WIND locations thermal disposal activities", "number": "681"}, 
{"text": "adult immigrants english  immigrant IMMIGRANTS adults someone elders nation", "number": "682"}, 
{"text": "czechoslovakia breakup  separation BREAKUP czechoslovakias breakups ending change", "number": "683"}, 
{"text": "part time benefits  welfare BENEFITS portion parts benefit component", "number": "684"}, 
{"text": "oscar winner selection  oscars WINNER winners victor choice selections", "number": "685"}, 
{"text": "argentina pegging dollar  Argentina argentinas dollars greenback brazils uruguay", "number": "686"}, 
{"text": "northern ireland industry  Ireland industries Northern irelands manufacture industrys", "number": "687"}, 
{"text": "non us media bias  usa medium prejudices america US americas", "number": "688"}, 
{"text": "family planning aid  plannings help household familys AID assistance", "number": "689"}, 
{"text": "college education advantage  colleges COLLEGE advantages EDUCATION educations instruction", "number": "690"}, 
{"text": "clear cutting forests  cuttings FORESTS woods woodlands timberland open", "number": "691"}, 
{"text": "prostate cancer detection treatment  prostates Treatment cancers CANCER treatments find", "number": "692"}, 
{"text": "newspapers electronic media  medium Media newspaper film cinema dailies", "number": "693"}, 
{"text": "compost pile  heaps plenty batch mountain composts lots", "number": "694"}, 
{"text": "white collar crime sentence  collars SENTENCE crimes conviction SENTENCES whites", "number": "695"}, 
{"text": "safety plastic surgery  plastics SURGERY surgeries rooms thermoplastic area", "number": "696"}, 
{"text": "air traffic controller  controllers airs regions someone somebody individual", "number": "697"}, 
{"text": "literacy rates africa  rate LITERACY africas tax accomplishments skill", "number": "698"}, 
{"text": "term limits  LIMIT LIMITS limit incumbency period session", "number": "699"}, 
{"text": "gasoline tax us  TAX taxation gasolines america GASOLINE taxes", "number": "700"}]}
