{"queries": [
{"text": "international organized crime  crimes CRIME transgressions violation attempts forgery", "number": "301"}, 
{"text": "poliomyelitis and post polio  polios position right tuberculosis point site", "number": "302"}, 
{"text": "hubble telescope achievements  TELESCOPE HUBBLE hubbles telescopes achievement pass", "number": "303"}, 
{"text": "endangered species mammals  mammal taxa form taxon suborders carnivore", "number": "304"}, 
{"text": "most dangerous vehicles  vehicle rocket transport media medium craft", "number": "305"}, 
{"text": "african civilian deaths  death civilians africans fatalities senegalese going", "number": "306"}, 
{"text": "new hydroelectric projects  tasks undertakings task undertaking project picnic", "number": "307"}, 
{"text": "implant dentistry  implants orthodontics prostheses endodontics prosthesis prosthodontics", "number": "308"}, 
{"text": "rap and crime  tap raps crimes RAP blame mayhem", "number": "309"}, 
{"text": "radio waves and brain cancer  radios wave BRAIN brains radiocommunications cancers", "number": "310"}, 
{"text": "industrial espionage  spying", "number": "311"}, 
{"text": "hydroponics  agriculture cultivation gardening", "number": "312"}, 
{"text": "magnetic levitation maglev  maglevs phenomenon phenomena travels travel chances", "number": "313"}, 
{"text": "marine vegetation  flora marines servicemen aggregations growth brush", "number": "314"}, 
{"text": "unexplained highway accidents  highways ACCIDENTS accident occurrence collision wrecks", "number": "315"}, 
{"text": "polygamy polyandry polygyny  monogamy marriage wedlock marriages bigamy", "number": "316"}, 
{"text": "unsolicited faxes  fax faxs facsimile FAX copier photocopiers", "number": "317"}, 
{"text": "best retirement country  countrys nation countries retirements Retirement nations", "number": "318"}, 
{"text": "new fuel sources  source fuels root point biomass documents", "number": "319"}, 
{"text": "undersea fiber optic cable  fibres cables fibre fibers telegram material", "number": "320"}, 
{"text": "women in parliaments  parliament woman ladies adults nurses ex", "number": "321"}, 
{"text": "international art crime  crimes CRIME arts ART Art Crime", "number": "322"}, 
{"text": "literary journalistic plagiarism  PLAGIARISM piracy writing essay manuscript rewrite", "number": "323"}, 
{"text": "argentine british relations  argentines relation control opposition connections relationships", "number": "324"}, 
{"text": "cult lifestyles  craze fads CULT lifestyle cults fashion", "number": "325"}, 
{"text": "ferry sinkings  sinking ferrys ferrying ferries SINKING descent", "number": "326"}, 
{"text": "modern slavery  bondage souls someone somebody individuals subjection", "number": "327"}, 
{"text": "pope beatifications  pontiff POPE Pope beatification popes pontiffs", "number": "328"}, 
{"text": "mexican air pollution  AIR POLLUTION mexicans mexicanos breath gases", "number": "329"}, 
{"text": "iran iraq cooperation  iraqs rapprochement commitments compromise reconciliation collaboration", "number": "330"}, 
{"text": "world bank criticism  World existence criticisms WORLD Bank worlds", "number": "331"}, 
{"text": "income tax evasion  taxs incomes TAX taxation taxes levies", "number": "332"}, 
{"text": "antibiotics bacteria disease  diseases antibiotic bacterias DISEASES bacterium superbug", "number": "333"}, 
{"text": "export controls cryptography  control coding exports cryptanalysis exportation cryptology", "number": "334"}, 
{"text": "adoptive biological parents  parent being fathers beings stepparent father", "number": "335"}, 
{"text": "black bear attacks  BEARS bearss blacks bears attack darkness", "number": "336"}, 
{"text": "viral hepatitis  HEPATITIS brucellosis listeriosis aids poliomyelitis meningitis", "number": "337"}, 
{"text": "risk of aspirin  danger hazards dangers bayers hazard aspirins", "number": "338"}, 
{"text": "alzheimers drug treatment  DRUG drugs treatments anesthetic medication dealing", "number": "339"}, 
{"text": "land mine ban  proscription lands mines bans MINE prohibition", "number": "340"}, 
{"text": "airport security  AIRPORT AIRPORTS aerodrome airports heliport insurance", "number": "341"}, 
{"text": "diplomatic expulsion  expulsions deportation deportations banishment rejection", "number": "342"}, 
{"text": "police deaths  DEATH polices death DEATHS personnel fatalities", "number": "343"}, 
{"text": "abuses of e mail  mails Mail maltreatment abuse MAIL messages", "number": "344"}, 
{"text": "overseas tobacco sales  tobaccos sale income selling marketing incomes", "number": "345"}, 
{"text": "educational standards  criteria standard criterion scale NORMS ideal", "number": "346"}, 
{"text": "wildlife extinction  wildlifes extinctions halt stay states arrest", "number": "347"}, 
{"text": "agoraphobia ", "number": "348"}, 
{"text": "metabolism  metabolisms respiration glycolysis nutrition shedding aging", "number": "349"}, 
{"text": "health and computer terminals  terminal depots computers calculator condition machines", "number": "350"}, 
{"text": "falkland petroleum exploration  explorations EXPLORATION petroleums crude search oil", "number": "351"}, 
{"text": "british chunnel impact  impacts chunnels Chunnel results result nations", "number": "352"}, 
{"text": "antarctica exploration  ANTARCTICA antarcticas explorations Antarctica continent CONTINENT", "number": "353"}, 
{"text": "journalist risks  danger risk JOURNALISTS jeopardy hazards journalists", "number": "354"}, 
{"text": "ocean remote sensing  seas detection sea oceans pacific looks", "number": "355"}, 
{"text": "postmenopausal estrogen britain  uk estrogens estrone mestranol steroid estradiol", "number": "356"}, 
{"text": "territorial waters dispute  contravention disputes contention arguing argument arguments", "number": "357"}, 
{"text": "blood alcohol fatalities  FATALITIES alcohols intoxicant intoxicants fatality ethanol", "number": "358"}, 
{"text": "mutual fund predictors  stores forecaster store funds forecasters money", "number": "359"}, 
{"text": "drug legalization benefits  welfare DRUGS drugs benefit interests narcotic", "number": "360"}, 
{"text": "clothing sweatshops  SWEATSHOPS sweatshop wear knitwear garment mill", "number": "361"}, 
{"text": "human smuggling  humans importing mankind importation commerce", "number": "362"}, 
{"text": "transportation tunnel disasters  disaster transit DISASTER transfer tunnels transfers", "number": "363"}, 
{"text": "rabies  RABIES leptospirosis", "number": "364"}, 
{"text": "el nino  elevated rail", "number": "365"}, 
{"text": "commercial cyanide uses  cyanides CYANIDE use function purposes nitriles", "number": "366"}, 
{"text": "piracy  infringement robberies infringements robbery violations violation", "number": "367"}, 
{"text": "in vitro fertilization  improvements beginning improvement", "number": "368"}, 
{"text": "anorexia nervosa bulimia  hunger starvation ANOREXIA disorder disorders", "number": "369"}, 
{"text": "food drug laws  drugs foods law nutrient narcotic provisions", "number": "370"}, 
{"text": "health insurance holistic  status contracts reinsurance condition contract securities", "number": "371"}, 
{"text": "native american casino  casinos americans natives californians californian hawaiians", "number": "372"}, 
{"text": "encryption equipment export  encoding exports encryptions coding satellites commodities", "number": "373"}, 
{"text": "nobel prize winners  WINNER nobels PRIZES winner WINNERS Prize", "number": "374"}, 
{"text": "hydrogen energy  energies hydrogens energys h tritium electricity", "number": "375"}, 
{"text": "world court  tribunals WORLD tribunal courtroom courts worlds", "number": "376"}, 
{"text": "cigar smoking  smokes smoke cigars breathing stogie puffing", "number": "377"}, 
{"text": "euro opposition  resistance oppositions actions contradictions relations reverses", "number": "378"}, 
{"text": "mainstreaming ", "number": "379"}, 
{"text": "obesity medical treatment  checkup treatments examinations dealing management examination", "number": "380"}, 
{"text": "alternative medicine  medication alternatives medications option medicines options", "number": "381"}, 
{"text": "hydrogen fuel automobiles  automobile auto fuels cars autos h", "number": "382"}, 
{"text": "mental illness drugs  illnesses sickness ILLNESS drug medication diuretic", "number": "383"}, 
{"text": "space station moon  STATION spaces moons SPACE infinite stations", "number": "384"}, 
{"text": "hybrid fuel cars  hybrids Fuel automobile fuels auto automobiles", "number": "385"}, 
{"text": "teaching disabled children  childs YOUNGSTERS KIDS teachings youngster kid", "number": "386"}, 
{"text": "radioactive waste  wastes scrap activities activity garbage effluent", "number": "387"}, 
{"text": "organic soil enhancement  organics ORGANIC dirt soils fertiliser loam", "number": "388"}, 
{"text": "illegal technology transfer  transportation technologies engineering transfers its bringing", "number": "389"}, 
{"text": "orphan drugs  ORPHANS orphans drug DRUG narcotics children", "number": "390"}, 
{"text": "rd drug prices  cost drugs price medication medicine costs", "number": "391"}, 
{"text": "robotics  computing", "number": "392"}, 
{"text": "mercy killing  kill mercies KILLING kills clemency killings", "number": "393"}, 
{"text": "home schooling  homes house housing houses residence teaching", "number": "394"}, 
{"text": "tourism  Tourism tourisms business ecotourism businesses industries", "number": "395"}, 
{"text": "sick building syndrome  syndromes construction buildings greenhouse symptoms add", "number": "396"}, 
{"text": "automobile recalls  RECALLS car cars auto automobiles recall", "number": "397"}, 
{"text": "dismantling europes arsenal  dismantlement eus ec eu europe ecs", "number": "398"}, 
{"text": "oceanographic vessels  vessel bareboat ship boat ships boats", "number": "399"}, 
{"text": "amazon rain forest  amazons FORESTS woodlands timberland rains woodland", "number": "400"}, 
{"text": "foreign minorities germany  frg GERMANY Germany germanys minority deutschland", "number": "401"}, 
{"text": "behavioral genetics  GENETICS biology ecology neurobiology microbiology bioscience", "number": "402"}, 
{"text": "osteoporosis  OSTEOPOROSIS sclerosis", "number": "403"}, 
{"text": "ireland peace talks  negotiation talking Ireland negotiations irelands talk", "number": "404"}, 
{"text": "cosmic events  event case occurrence happenings act happening", "number": "405"}, 
{"text": "parkinsons disease  diseases parkinson illnesses illness maladies endemic", "number": "406"}, 
{"text": "poaching wildlife preserves  preserve Wildlife PRESERVE conserve cooking kingdom", "number": "407"}, 
{"text": "tropical storms  STORM STORMS storm blizzard thunderstorms clouds", "number": "408"}, 
{"text": "legal pan am 103  pot here", "number": "409"}, 
{"text": "schengen agreement  agreements understanding deal statement reservations results", "number": "410"}, 
{"text": "salvaging shipwreck treasure  shipwrecks treasures ruination art valuable ship", "number": "411"}, 
{"text": "airport security  AIRPORT AIRPORTS aerodrome airports heliport insurance", "number": "412"}, 
{"text": "steel production  productions steels Steel metals sabre alloys", "number": "413"}, 
{"text": "cuba sugar exports  export EXPORTS Cuba cubas countrys caramel", "number": "414"}, 
{"text": "drugs golden triangle  drug triangles narcotics stimulant medicine narcotic", "number": "415"}, 
{"text": "three gorges project  tasks Three gorge 3 Project undertakings", "number": "416"}, 
{"text": "creativity  CREATIVITY abilities ingenuity innovations innovation ability", "number": "417"}, 
{"text": "quilts income  quilt incomes QUILT sales proceeds takes", "number": "418"}, 
{"text": "recycle automobile tires  tire tyre auto cars autos automobiles", "number": "419"}, 
{"text": "carbon monoxide poisoning  poisonings intoxication co paper soot killings", "number": "420"}, 
{"text": "industrial waste disposal  administrations wastes administration managements activities material", "number": "421"}, 
{"text": "art stolen forged  arts ARTS ART creation paintings treasures", "number": "422"}, 
{"text": "milosevic mirjana markovic ", "number": "423"}, 
{"text": "suicides  SUICIDES SUICIDE suicide kill killings kills", "number": "424"}, 
{"text": "counterfeiting money  MONEY fund funds currencies belongings standards", "number": "425"}, 
{"text": "law enforcement dogs  LAW dog laws pooches implementation poodles", "number": "426"}, 
{"text": "uv damage eyes  harm eye ultraviolet alterations change od", "number": "427"}, 
{"text": "declining birth rates  rate BIRTHS births flow tax deliveries", "number": "428"}, 
{"text": "legionnaires disease  legionnaire diseases DISEASE illnesses maladies illness", "number": "429"}, 
{"text": "killer bee attacks  killers BEE BEES onslaughts attack bees", "number": "430"}, 
{"text": "robotic technology  engineering technologys technologies disciplines computing it", "number": "431"}, 
{"text": "profiling motorists police  MOTORISTS motorist personnel identification driver drivers", "number": "432"}, 
{"text": "greek philosophy stoicism  hellenic greeks dogmas creed athenians metaphysics", "number": "433"}, 
{"text": "estonia economy  Estonia economies estonias system efficiency systems", "number": "434"}, 
{"text": "curbing population growth  curb curbs populations growing people group", "number": "435"}, 
{"text": "railway accidents  railroad railroads RAILROAD railways accident mishap", "number": "436"}, 
{"text": "deregulation gas electric  deregulating Gas gases gass electrics freeing", "number": "437"}, 
{"text": "tourism increase  gains tourisms Tourism gain increases businesss", "number": "438"}, 
{"text": "inventions scientific discoveries  innovations invention Innovation find innovation discovery", "number": "439"}, 
{"text": "child labor  childs minors labors children labour toil", "number": "440"}, 
{"text": "lyme disease  diseases DISEASE illnesses illness endemic malady", "number": "441"}, 
{"text": "heroic acts  act heroics edict decree epic statutes", "number": "442"}, 
{"text": "us investment africa  investing uss america africas Africa US", "number": "443"}, 
{"text": "supercritical fluids  fluid gases substances gas coolants liquids", "number": "444"}, 
{"text": "women clergy  clergys womans CLERGY woman womens adults", "number": "445"}, 
{"text": "tourists violence  tourist holidaymakers travellers RIOTS traveler riots", "number": "446"}, 
{"text": "stirling engine  engines motors generators motor generator someone", "number": "447"}, 
{"text": "ship losses  ships LOSS loss flagships icebreaker vessel", "number": "448"}, 
{"text": "antibiotics ineffectiveness  antibiotic ANTIBIOTICS vancomycin tobramycin cipro chloramphenicol", "number": "449"}, 
{"text": "king hussein peace  saddam husseins Hussein conciliation leaders kings", "number": "450"}, 
{"text": "turkey iraq water  turkeys iraqs Water Iraq sea ocean", "number": "601"}, 
{"text": "czech slovak sovereignty  sovereignties slovaks Slovaks slavic europeans european", "number": "602"}, 
{"text": "tobacco cigarette lawsuit  CIGARETTES lawsuits cigarettes suit suits moot", "number": "603"}, 
{"text": "lyme disease arthritis  illnesses illness endemic rheumatism malady sickness", "number": "604"}, 
{"text": "great britain health care  britains uks attention CARE uk nursing", "number": "605"}, 
{"text": "leg traps ban  BAN legs TRAPS bans prohibition prohibitions", "number": "606"}, 
{"text": "human genetic code  codes humans mankinds humankinds mankind prints", "number": "607"}, 
{"text": "taxing social security  securitys SECURITY securities parties insurance safety", "number": "608"}, 
{"text": "per capita alcohol consumption  ALCOHOL head alcohols heads intake sucks", "number": "609"}, 
{"text": "minimum wage adverse impact  minima impacts remuneration pays wages remunerations", "number": "610"}, 
{"text": "kurds germany violence  germanys frg kurd deutschland asian riots", "number": "611"}, 
{"text": "tibet protesters  dissidents tibets dissident TIBET reformers someone", "number": "612"}, 
{"text": "berlin wall disposal  berlins administrations administration WALL walls disposals", "number": "613"}, 
{"text": "flavr savr tomato  TOMATO tomatoes tomatos herbs eggplants dill", "number": "614"}, 
{"text": "timber exports asia  asias Asia export timbers lumber planks", "number": "615"}, 
{"text": "volkswagen mexico  Mexico mexicos canada canadas countries country", "number": "616"}, 
{"text": "russia cuba economy  CUBA economys economies cubas system countrys", "number": "617"}, 
{"text": "ayatollah khomeini death  deaths DEATH KHOMEINI khomeinis martyrdom going", "number": "618"}, 
{"text": "winnie mandela scandal  Mandela mandelas MANDELA watergate statesmen statesman", "number": "619"}, 
{"text": "france nuclear testing  frances examination experiments writer experiment authors", "number": "620"}, 
{"text": "women ordained church of england  churchs CHURCH womans englands churches WOMEN", "number": "621"}, 
{"text": "price fixing  cost terms prices lock nail improvements", "number": "622"}, 
{"text": "toxic chemical weapon  weapons chemicals WEAPONS instruments compound fertilizers", "number": "623"}, 
{"text": "sdi star wars  Wars stars war whiz experts expert", "number": "624"}, 
{"text": "arrests bombing wtc  wtcs stay arrest bombings capture attack", "number": "625"}, 
{"text": "human stampede  humans stampedes STAMPEDE travel mankind travels", "number": "626"}, 
{"text": "russian food crisis  foods crises nutrients russians feed cheese", "number": "627"}, 
{"text": "us invasion of panama  INVASION usa U.S. america intrusion PANAMA", "number": "628"}, 
{"text": "abortion clinic attack  CLINICS clinics CLINIC abortions miscarriage ABORTION", "number": "629"}, 
{"text": "gulf war syndrome  syndromes wars WAR gulfs warfare vietnams", "number": "630"}, 
{"text": "mandela south africa president  presidents Mandela AFRICA mandelas africas Africa", "number": "631"}, 
{"text": "southeast asia tin mining  asias se continent east defense metals", "number": "632"}, 
{"text": "welsh devolution  Welsh Devolution DEVOLUTION relegation european europeans", "number": "633"}, 
{"text": "l tryptophan deaths  death tryptophans 50 alteration fatalities going", "number": "634"}, 
{"text": "doctor assisted suicides  suicide DOCTOR SUICIDE physicians physician doctors", "number": "635"}, 
{"text": "jury duty exemptions  DUTY JURY obligations juries responsibilities jurys", "number": "636"}, 
{"text": "human growth hormone hgh  humans HORMONE endocrine hormones growing steroids", "number": "637"}, 
{"text": "wrongful convictions  conviction sentence sentences belief believes faith", "number": "638"}, 
{"text": "consumer on line shopping  consumers lines CONSUMER guidelines customers row", "number": "639"}, 
{"text": "maternity leave policies  pregnancies LEAVE pregnancy policy gestation motherhood", "number": "640"}, 
{"text": "valdez wildlife marine life  living VALDEZ lives valdezs WILDLIFE marines", "number": "641"}, 
{"text": "tiananmen square protesters  dissident dissidents squares protester Square number", "number": "642"}, 
{"text": "salmon dams pacific northwest  salmons dam northwests dike coho rivers", "number": "643"}, 
{"text": "exotic animals import  ANIMALS imports creatures importations animal beast", "number": "644"}, 
{"text": "software piracy  Piracy upgrades documentation freeware assembler windows", "number": "645"}, 
{"text": "food stamps increase  foods mold stamp Foods mould increases", "number": "646"}, 
{"text": "windmill electricity  Windmill windmills generator energy generators engine", "number": "647"}, 
{"text": "family leave law  household families households LAWS familys laws", "number": "648"}, 
{"text": "computer viruses  calculator COMPUTERS VIRUS VIRUSES virus computers", "number": "649"}, 
{"text": "tax evasion indicted  EVASION taxation TAX taxes levy rates", "number": "650"}, 
{"text": "us ethnic population  populations ethnics america group someone individuals", "number": "651"}, 
{"text": "oic balkans 1990s  Balkans decades arabia period ground", "number": "652"}, 
{"text": "eta basque terrorism  basques etas Eta letter european portuguese", "number": "653"}, 
{"text": "same sex schools  school sexes bestiality homosexuality category intercourse", "number": "654"}, 
{"text": "add diagnosis treatment  adds diagnosing treatments diagnoses dealing management", "number": "655"}, 
{"text": "lead poisoning children  childs POISONING poisonings pb minor youngsters", "number": "656"}, 
{"text": "school prayer banned  prayers schools PRAYER petition petitions SCHOOL", "number": "657"}, 
{"text": "teenage pregnancy  pregnancies maternity gestations status infertility dependency", "number": "658"}, 
{"text": "cruise health safety  sail cruises sails wellness SAIL voyage", "number": "659"}, 
{"text": "whale watching california  ca CALIFORNIA whales observations WATCHING californias", "number": "660"}, 
{"text": "melanoma treatment causes  cause treatments melanomas dealing management factors", "number": "661"}, 
{"text": "telemarketer protection  protections preservation screens defense activity shield", "number": "662"}, 
{"text": "agent orange exposure  agents exposures motor influence representative causation", "number": "663"}, 
{"text": "american indian museum  museums INDIANS americans indians MUSEUM asian", "number": "664"}, 
{"text": "poverty africa sub sahara  saharas africas Africa Sahara wants want", "number": "665"}, 
{"text": "thatcher resignation impact  resignations thatchers RESIGNATION Thatcher striking results", "number": "666"}, 
{"text": "unmarried partner households  family household partners spouses families FAMILY", "number": "667"}, 
{"text": "poverty disease  POVERTY diseases illnesses illness want endemic", "number": "668"}, 
{"text": "islamic revolution  revolutions change changes coup gathering birth", "number": "669"}, 
{"text": "us elections apathy  APATHY election america americas ELECTION unions", "number": "670"}, 
{"text": "salvation army benefits  Army ARMY armies armys salvations benefit", "number": "671"}, 
{"text": "nra membership profile  MEMBERSHIP NRA nras profiles memberships body", "number": "672"}, 
{"text": "soviet withdrawal afghanistan  afghanistans soviets AFGHANISTAN WITHDRAWAL withdrawals councils", "number": "673"}, 
{"text": "greenpeace prosecuted  GREENPEACE Greenpeace greenpeaces organizations committees organisation", "number": "674"}, 
{"text": "olympics training swimming  breeding olympiads olympiad swims swim TRAINING", "number": "675"}, 
{"text": "poppy cultivation  poppies cultivations farming flower flowers agriculture", "number": "676"}, 
{"text": "leaning tower of pisa  tendency pisas towers TOWER propensity shape", "number": "677"}, 
{"text": "joint custody impact  impacts detentions CUSTODY detention result blow", "number": "678"}, 
{"text": "opening adoption records  acceptance ADOPTIONS RECORDS openings adoptions record", "number": "679"}, 
{"text": "immigrants spanish school  immigrant IMMIGRANTS schools SCHOOL SCHOOLS buildings", "number": "680"}, 
{"text": "wind power location  winds WIND locations thermal disposal activities", "number": "681"}, 
{"text": "adult immigrants english  immigrant IMMIGRANTS adults someone elders nation", "number": "682"}, 
{"text": "czechoslovakia breakup  separation BREAKUP czechoslovakias breakups ending change", "number": "683"}, 
{"text": "part time benefits  welfare BENEFITS portion parts benefit component", "number": "684"}, 
{"text": "oscar winner selection  oscars WINNER winners victor choice selections", "number": "685"}, 
{"text": "argentina pegging dollar  Argentina argentinas dollars greenback brazils uruguay", "number": "686"}, 
{"text": "northern ireland industry  Ireland industries Northern irelands manufacture industrys", "number": "687"}, 
{"text": "non us media bias  usa medium prejudices america US americas", "number": "688"}, 
{"text": "family planning aid  plannings help household familys AID assistance", "number": "689"}, 
{"text": "college education advantage  colleges COLLEGE advantages EDUCATION educations instruction", "number": "690"}, 
{"text": "clear cutting forests  cuttings FORESTS woods woodlands timberland open", "number": "691"}, 
{"text": "prostate cancer detection treatment  prostates Treatment cancers CANCER treatments find", "number": "692"}, 
{"text": "newspapers electronic media  medium Media newspaper film cinema dailies", "number": "693"}, 
{"text": "compost pile  heaps plenty batch mountain composts lots", "number": "694"}, 
{"text": "white collar crime sentence  collars SENTENCE crimes conviction SENTENCES whites", "number": "695"}, 
{"text": "safety plastic surgery  plastics SURGERY surgeries rooms thermoplastic area", "number": "696"}, 
{"text": "air traffic controller  controllers airs regions someone somebody individual", "number": "697"}, 
{"text": "literacy rates africa  rate LITERACY africas tax accomplishments skill", "number": "698"}, 
{"text": "term limits  LIMIT LIMITS limit incumbency period session", "number": "699"}, 
{"text": "gasoline tax us  TAX taxation gasolines america GASOLINE taxes", "number": "700"}]}
