{"queries": [{"text": "churches of ancient days  st see par", "number": "1"}, {"text": "Roman Empire ", "number": "2"}, {"text": "George Washington ", "number": "3"}, {"text": "weapon development  even stone later whose", "number": "4"}, {"text": "lead poisoning effects  upon may", "number": "5"}, {"text": "cathode ray experiment  current roentgen will tube first showed", "number": "6"}, {"text": "rio de gabio  del da", "number": "7"}, {"text": "plays Shakespeare did not write  shakespeare without", "number": "8"}, {"text": "Princess of Hannover ", "number": "9"}, {"text": "Columbus first voyage  columbus de discovered", "number": "10"}, {"text": "spider web  first will fig", "number": "11"}, {"text": "Galileo church conflict  now although de", "number": "12"}, {"text": "New York clubs  city york", "number": "13"}, {"text": "celebrity accident  among much new knowledge", "number": "14"}, {"text": "Christopher Columbus ", "number": "15"}, {"text": "amino acid  thus form cooh group", "number": "16"}, {"text": "revolt of 1857  general india two", "number": "17"}, {"text": "sugar preserves  water frequently fruit", "number": "18"}, {"text": "presidents who died in office  number vice states law shall", "number": "19"}, {"text": "Beethoven birthplace  ground", "number": "20"}, {"text": "plastic waste  may materials", "number": "21"}, {"text": "mining iron Canada  ontario canadian", "number": "22"}, {"text": "largest land animal  animals south large species will", "number": "23"}, {"text": "death in civil war  henry succeeded states new great", "number": "24"}, {"text": "civil war  vi great iii lincoln", "number": "25"}, {"text": "Kepler second law  first sun planets keplers", "number": "26"}, {"text": "Salt Lake City ", "number": "27"}, {"text": "prevent bacteria growth meat  will bacterial milk acid molds animals", "number": "28"}, {"text": "curie radium discovery  see will", "number": "29"}, {"text": "colonies economic benefits  england great new", "number": "30"}, {"text": "Boston Tea Party ", "number": "31"}, {"text": "Industrial Revolution ", "number": "32"}, {"text": "American civil war  history american", "number": "33"}, {"text": "events between China and US in Vietnam War  will political", "number": "34"}]}