
{"queries": [
{"text": "international organized crime criminal law russian crimes CRIME transgressions violation attempts forgery", "number": "301"}, 
{"text": "poliomyelitis and post polio n vaccines measles pneumonia will health polios position right tuberculosis point site", "number": "302"}, 
{"text": "hubble telescope achievements two will today space TELESCOPE HUBBLE hubbles telescopes achievement pass", "number": "303"}, 
{"text": "endangered species mammals marine service law also mammal two taxa form taxon suborders carnivore", "number": "304"}, 
{"text": "most dangerous vehicles nuclear two also law vehicle rocket transport media medium craft", "number": "305"}, 
{"text": "african civilian deaths government military use police death civilians africans fatalities senegalese going", "number": "306"}, 
{"text": "new hydroelectric projects power government development capacity project will tasks undertakings task undertaking picnic", "number": "307"}, 
{"text": "implant dentistry development new health implants orthodontics prostheses endodontics prosthesis prosthodontics", "number": "308"}, 
{"text": "rap and crime will also organized now tap raps crimes RAP blame mayhem", "number": "309"}, 
{"text": "radio waves and brain cancer will service even energy following new may radios wave BRAIN brains radiocommunications cancers", "number": "310"}, 
{"text": "industrial espionage group among will organized spying", "number": "311"}, 
{"text": "hydroponics 4 called agriculture cultivation gardening", "number": "312"}, 
{"text": "magnetic levitation maglev new two force line project projects maglevs phenomenon phenomena travels travel chances", "number": "313"}, 
{"text": "marine vegetation new development project years flora marines servicemen aggregations growth brush", "number": "314"}, 
{"text": "unexplained highway accidents accident many will projects also 4 highways ACCIDENTS occurrence collision wrecks", "number": "315"}, 
{"text": "polygamy polyandry polygyny among support well monogamy marriage wedlock marriages bigamy", "number": "316"}, 
{"text": "unsolicited faxes energy first 000 use fax faxs facsimile FAX copier photocopiers", "number": "317"}, 
{"text": "best retirement country two pension project new now countrys nation countries retirements Retirement nations", "number": "318"}, 
{"text": "new fuel sources power rule energy may will 2 source fuels root point biomass documents", "number": "319"}, 
{"text": "undersea fiber optic cable system optical 2 new power first marine cables fibres fibre fibers telegram material", "number": "320"}, 
{"text": "women in parliaments new will point german parliament woman ladies adults nurses ex", "number": "321"}, 
{"text": "international art crime will new optic also mr crimes CRIME arts ART Art Crime", "number": "322"}, 
{"text": "literary journalistic plagiarism among people years work must edition PLAGIARISM piracy writing essay manuscript rewrite", "number": "323"}, 
{"text": "argentine british relations will energy argentina new year argentines relation control opposition connections relationships", "number": "324"}, 
{"text": "cult lifestyles fuel may recent organization craze fads CULT lifestyle cults fashion", "number": "325"}, 
{"text": "ferry sinkings will first sinking ferrys ferrying ferries SINKING descent", "number": "326"}, 
{"text": "modern slavery technology first will economic bondage souls someone somebody individuals subjection", "number": "327"}, 
{"text": "pope beatifications 3 must pontiff POPE Pope beatification popes pontiffs", "number": "328"}, 
{"text": "mexican air pollution state 10 will also new AIR POLLUTION mexicans mexicanos breath gases", "number": "329"}, 
{"text": "iran iraq cooperation new will power foreign project also iraqs rapprochement commitments compromise reconciliation collaboration", "number": "330"}, 
{"text": "world bank criticism energy project also year us must World existence criticisms WORLD Bank worlds", "number": "331"}, 
{"text": "income tax evasion will new energy also taxs incomes TAX taxation taxes levies", "number": "332"}, 
{"text": "antibiotics bacteria disease new many may also diseases antibiotic bacterias DISEASES bacterium superbug", "number": "333"}, 
{"text": "export controls cryptography tax will ii shall 3 equipment control coding exports cryptanalysis exportation cryptology", "number": "334"}, 
{"text": "adoptive biological parents new many child family will parent being fathers beings stepparent father", "number": "335"}, 
{"text": "black bear attacks government use shall world will two BEARS bearss blacks bears attack darkness", "number": "336"}, 
{"text": "viral hepatitis 5 6 ii control HEPATITIS brucellosis listeriosis aids poliomyelitis meningitis", "number": "337"}, 
{"text": "risk of aspirin says children will two danger hazards dangers bayers hazard aspirins", "number": "338"}, 
{"text": "alzheimers drug treatment new also will 2 3 ii DRUG drugs treatments anesthetic medication dealing", "number": "339"}, 
{"text": "land mine ban will may project year proscription lands mines bans MINE prohibition", "number": "340"}, 
{"text": "airport security also new government AIRPORT AIRPORTS aerodrome airports heliport insurance", "number": "341"}, 
{"text": "diplomatic expulsion also new us expulsions deportation deportations banishment rejection", "number": "342"}, 
{"text": "police deaths will tax two DEATH polices death DEATHS personnel fatalities", "number": "343"}, 
{"text": "abuses of e mail rights alleged new system will mails Mail maltreatment abuse MAIL messages", "number": "344"}, 
{"text": "overseas tobacco sales many company will tax 2 also tobaccos sale income selling marketing incomes", "number": "345"}, 
{"text": "educational standards state many will new criteria standard criterion scale NORMS ideal", "number": "346"}, 
{"text": "wildlife extinction will 2 may wildlifes extinctions halt stay states arrest", "number": "347"}, 
{"text": "agoraphobia fighting", "number": "348"}, 
{"text": "metabolism will 2 metabolisms respiration glycolysis nutrition shedding aging", "number": "349"}, 
{"text": "health and computer terminals system state will 2 terminal depots computers calculator condition machines", "number": "350"}, 
{"text": "falkland petroleum exploration local 93 will two energy explorations EXPLORATION petroleums crude search oil", "number": "351"}, 
{"text": "british chunnel impact project year will rail years impacts chunnels Chunnel results result nations", "number": "352"}, 
{"text": "antarctica exploration may use us oil ANTARCTICA antarcticas explorations Antarctica continent CONTINENT", "number": "353"}, 
{"text": "journalist risks must now many health danger risk JOURNALISTS jeopardy hazards journalists", "number": "354"}, 
{"text": "ocean remote sensing research energy technology new 000 seas detection sea oceans pacific looks", "number": "355"}, 
{"text": "postmenopausal estrogen britain year many also use addresses great uk estrogens estrone mestranol steroid estradiol", "number": "356"}, 
{"text": "territorial waters dispute new based will 2 contravention disputes contention arguing argument arguments", "number": "357"}, 
{"text": "blood alcohol fatalities new use research tax last per FATALITIES alcohols intoxicant intoxicants fatality ethanol", "number": "358"}, 
{"text": "mutual fund predictors tax new research stores forecaster store funds forecasters money", "number": "359"}, 
{"text": "drug legalization benefits air crime government now welfare DRUGS drugs benefit interests narcotic", "number": "360"}, 
{"text": "clothing sweatshops market including may many SWEATSHOPS sweatshop wear knitwear garment mill", "number": "361"}, 
{"text": "human smuggling us development will 3 humans importing mankind importation commerce", "number": "362"}, 
{"text": "transportation tunnel disasters will technology new 3 research disaster transit DISASTER transfer tunnels transfers", "number": "363"}, 
{"text": "rabies will new RABIES leptospirosis", "number": "364"}, 
{"text": "el nino new 3 will systems elevated rail", "number": "365"}, 
{"text": "commercial cyanide uses use first will company specific cyanides CYANIDE function purposes nitriles", "number": "366"}, 
{"text": "piracy will control infringement robberies infringements robbery violations violation", "number": "367"}, 
{"text": "in vitro fertilization also year may program improvements beginning improvement", "number": "368"}, 
{"text": "anorexia nervosa bulimia develop patients best may first hunger starvation ANOREXIA disorder disorders", "number": "369"}, 
{"text": "food drug laws research new use development also federal drugs foods law nutrient narcotic provisions", "number": "370"}, 
{"text": "health insurance holistic research development new systems status contracts reinsurance condition contract securities", "number": "371"}, 
{"text": "native american casino also 2 new system will casinos americans natives californians californian hawaiians", "number": "372"}, 
{"text": "encryption equipment export 2 control technology research develop encoding exports encryptions coding satellites commodities", "number": "373"}, 
{"text": "nobel prize winners new 3 technology will may WINNER nobels PRIZES winner WINNERS Prize", "number": "374"}, 
{"text": "hydrogen energy 2 system technology energies hydrogens energys h tritium electricity", "number": "375"}, 
{"text": "world court new develop 3 tribunals WORLD tribunal courtroom courts worlds", "number": "376"}, 
{"text": "cigar smoking new state control smokes smoke cigars breathing stogie puffing", "number": "377"}, 
{"text": "euro opposition new 2 will also resistance oppositions actions contradictions relations reverses", "number": "378"}, 
{"text": "mainstreaming edition might", "number": "379"}, 
{"text": "obesity medical treatment drug high technology new will many checkup treatments examinations dealing management examination", "number": "380"}, 
{"text": "alternative medicine new development us medication alternatives medications option medicines options", "number": "381"}, 
{"text": "hydrogen fuel automobiles will 2 energy system new automobile auto fuels cars autos h", "number": "382"}, 
{"text": "mental illness drugs new also will drug 2 illnesses sickness ILLNESS medication diuretic", "number": "383"}, 
{"text": "space station moon develop also 2 research will development STATION spaces moons SPACE infinite stations", "number": "384"}, 
{"text": "hybrid fuel cars research use will technology energy hybrids Fuel automobile fuels auto automobiles", "number": "385"}, 
{"text": "teaching disabled children program 10 2 3 will childs YOUNGSTERS KIDS teachings youngster kid", "number": "386"}, 
{"text": "radioactive waste fuel us new wastes scrap activities activity garbage effluent", "number": "387"}, 
{"text": "organic soil enhancement research new will also wildlife organics ORGANIC dirt soils fertiliser loam", "number": "388"}, 
{"text": "illegal technology transfer use drug energy will transportation technologies engineering transfers its bringing", "number": "389"}, 
{"text": "orphan drugs technology development 2 3 ORPHANS orphans drug DRUG narcotics children", "number": "390"}, 
{"text": "rd drug prices 2 3 year based countries oil cost drugs price medication medicine costs", "number": "391"}, 
{"text": "robotics research new computing", "number": "392"}, 
{"text": "mercy killing will now drug also kill mercies KILLING kills clemency killings", "number": "393"}, 
{"text": "home schooling based two will system homes house housing houses residence teaching", "number": "394"}, 
{"text": "tourism research system Tourism tourisms business ecotourism businesses industries", "number": "395"}, 
{"text": "sick building syndrome air many research new b syndromes construction buildings greenhouse symptoms add", "number": "396"}, 
{"text": "automobile recalls new production market mr RECALLS car cars auto automobiles recall", "number": "397"}, 
{"text": "dismantling europes arsenal will 10 us dismantlement eus ec eu europe ecs", "number": "398"}, 
{"text": "oceanographic vessels technology equipment will 2 vessel bareboat ship boat ships boats", "number": "399"}, 
{"text": "amazon rain forest new may edition american will amazons FORESTS woodlands timberland rains woodland", "number": "400"}, 
{"text": "foreign minorities germany may two will national new frg GERMANY Germany germanys minority deutschland", "number": "401"}, 
{"text": "behavioral genetics development human systems 2 GENETICS biology ecology neurobiology microbiology bioscience", "number": "402"}, 
{"text": "osteoporosis new 2 OSTEOPOROSIS sclerosis", "number": "403"}, 
{"text": "ireland peace talks will new negotiation talking Ireland negotiations irelands talk", "number": "404"}, 
{"text": "cosmic events us space will energy event case occurrence happenings act happening", "number": "405"}, 
{"text": "parkinsons disease new national will research diseases parkinson illnesses illness maladies endemic", "number": "406"}, 
{"text": "poaching wildlife preserves crime </HEADLINE> will research existing local preserve Wildlife PRESERVE conserve cooking kingdom", "number": "407"}, 
{"text": "tropical storms two first also may STORM STORMS storm blizzard thunderstorms clouds", "number": "408"}, 
{"text": "legal pan am 103 12 office world year new will pot here", "number": "409"}, 
{"text": "schengen agreement will also control among agreements understanding deal statement reservations results", "number": "410"}, 
{"text": "salvaging shipwreck treasure scientists fields also act work cent shipwrecks treasures ruination art valuable ship", "number": "411"}, 
{"text": "airport security new system us AIRPORT AIRPORTS aerodrome airports heliport insurance", "number": "412"}, 
{"text": "steel production new use technology will productions steels Steel metals sabre alloys", "number": "413"}, 
{"text": "cuba sugar exports new energy will 2 now agricultural export EXPORTS Cuba cubas countrys caramel", "number": "414"}, 
{"text": "drugs golden triangle new will three known mr drug triangles narcotics stimulant medicine narcotic", "number": "415"}, 
{"text": "three gorges project major projects will power research may tasks Three gorge 3 Project undertakings", "number": "416"}, 
{"text": "creativity technology research CREATIVITY abilities ingenuity innovations innovation ability", "number": "417"}, 
{"text": "quilts income will may new power quilt incomes QUILT sales proceeds takes", "number": "418"}, 
{"text": "recycle automobile tires system now research new tire tyre auto cars autos automobiles", "number": "419"}, 
{"text": "carbon monoxide poisoning 2 control national two food officials poisonings intoxication co paper soot killings", "number": "420"}, 
{"text": "industrial waste disposal technology 2 will new administrations wastes administration managements activities material", "number": "421"}, 
{"text": "art stolen forged new research two 000 bank arts ARTS ART creation paintings treasures", "number": "422"}, 
{"text": "milosevic mirjana markovic may now says president will government", "number": "423"}, 
{"text": "suicides 2 3 SUICIDES SUICIDE suicide kill killings kills", "number": "424"}, 
{"text": "counterfeiting money technology mr will may MONEY fund funds currencies belongings standards", "number": "425"}, 
{"text": "law enforcement dogs new 3 program system will drug LAW dog laws pooches implementation poodles", "number": "426"}, 
{"text": "uv damage eyes new system may will harm eye ultraviolet alterations change od", "number": "427"}, 
{"text": "declining birth rates rate still new use will tax BIRTHS births flow deliveries", "number": "428"}, 
{"text": "legionnaires disease state us new 2 legionnaire diseases DISEASE illnesses maladies illness", "number": "429"}, 
{"text": "killer bee attacks water county will may bees given killers BEE BEES onslaughts attack", "number": "430"}, 
{"text": "robotic technology research control may engineering technologys technologies disciplines computing it", "number": "431"}, 
{"text": "profiling motorists police will may new also MOTORISTS motorist personnel identification driver drivers", "number": "432"}, 
{"text": "greek philosophy stoicism also state programs economic like even hellenic greeks dogmas creed athenians metaphysics", "number": "433"}, 
{"text": "estonia economy 3 4 will energy Estonia economies estonias system efficiency systems", "number": "434"}, 
{"text": "curbing population growth crime environmental also develop will may curb curbs populations growing people group", "number": "435"}, 
{"text": "railway accidents will development 3 also railroad railroads RAILROAD railways accident mishap", "number": "436"}, 
{"text": "deregulation gas electric new energy will research deregulating Gas gases gass electrics freeing", "number": "437"}, 
{"text": "tourism increase research system technology will gains tourisms Tourism gain increases businesss", "number": "438"}, 
{"text": "inventions scientific discoveries new mr production will research innovations invention Innovation find innovation discovery", "number": "439"}, 
{"text": "child labor new must system childs minors labors children labour toil", "number": "440"}, 
{"text": "lyme disease first including will research diseases DISEASE illnesses illness endemic malady", "number": "441"}, 
{"text": "heroic acts edition japan will 2 act heroics edict decree epic statutes", "number": "442"}, 
{"text": "us investment africa new tax research will 2 investing uss america africas Africa US", "number": "443"}, 
{"text": "supercritical fluids process co research new fluid gases substances gas coolants liquids", "number": "444"}, 
{"text": "women clergy will two new clergys womans CLERGY woman womens adults", "number": "445"}, 
{"text": "tourists violence will also mr tourist holidaymakers travellers RIOTS traveler riots", "number": "446"}, 
{"text": "stirling engine will use development 3 engines motors generators motor generator someone", "number": "447"}, 
{"text": "ship losses new will tax large ships LOSS loss flagships icebreaker vessel", "number": "448"}, 
{"text": "antibiotics ineffectiveness research new antibiotic ANTIBIOTICS vancomycin tobramycin cipro chloramphenicol", "number": "449"}, 
{"text": "king hussein peace will state may new saddam husseins Hussein conciliation leaders kings", "number": "450"}, 
{"text": "turkey iraq water 2 development use will may turkeys iraqs Water Iraq sea ocean", "number": "601"}, 
{"text": "czech slovak sovereignty will production energy state national sovereignties slovaks Slovaks slavic europeans european", "number": "602"}, 
{"text": "tobacco cigarette lawsuit research new national mr first CIGARETTES lawsuits cigarettes suit suits moot", "number": "603"}, 
{"text": "lyme disease arthritis first including will research new may illnesses illness endemic rheumatism malady sickness", "number": "604"}, 
{"text": "great britain health care problems need states adopt will new technology britains uks attention CARE uk nursing", "number": "605"}, 
{"text": "leg traps ban water high also now new will BAN legs TRAPS bans prohibition prohibitions", "number": "606"}, 
{"text": "human genetic code new 3 technology c work codes humans mankinds humankinds mankind prints", "number": "607"}, 
{"text": "taxing social security new 3 will systems securitys SECURITY securities parties insurance safety", "number": "608"}, 
{"text": "per capita alcohol consumption energy state 3 many will tax system ALCOHOL head alcohols heads intake sucks", "number": "609"}, 
{"text": "minimum wage adverse impact will state new c section 2 minima impacts remuneration pays wages remunerations", "number": "610"}, 
{"text": "kurds germany violence will also must new germanys frg kurd deutschland asian riots", "number": "611"}, 
{"text": "tibet protesters will use including last dissidents tibets dissident TIBET reformers someone", "number": "612"}, 
{"text": "berlin wall disposal will new also may waste mr berlins administrations administration WALL walls disposals", "number": "613"}, 
{"text": "flavr savr tomato inc whether technology new TOMATO tomatoes tomatos herbs eggplants dill", "number": "614"}, 
{"text": "timber exports asia will 2 energy may mr asias Asia export timbers lumber planks", "number": "615"}, 
{"text": "volkswagen mexico technology 2 new also Mexico mexicos canada canadas countries country", "number": "616"}, 
{"text": "russia cuba economy will us new energy development also CUBA economys economies cubas system countrys", "number": "617"}, 
{"text": "ayatollah khomeini death 2 5 will may deaths DEATH KHOMEINI khomeinis martyrdom going", "number": "618"}, 
{"text": "winnie mandela scandal will world us though club Mandela mandelas MANDELA watergate statesmen statesman", "number": "619"}, 
{"text": "france nuclear testing new 4 technology 2 will frances examination experiments writer experiment authors", "number": "620"}, 
{"text": "women ordained church of england will mr state may churchs CHURCH womans englands churches WOMEN", "number": "621"}, 
{"text": "price fixing research state system first cost terms prices lock nail improvements", "number": "622"}, 
{"text": "toxic chemical weapon new 10 research technology will production weapons chemicals WEAPONS instruments compound fertilizers", "number": "623"}, 
{"text": "sdi star wars technology us research new systems Wars stars war whiz experts expert", "number": "624"}, 
{"text": "arrests bombing wtc two made us car may space wtcs stay arrest bombings capture attack", "number": "625"}, 
{"text": "human stampede services resources will year humans stampedes STAMPEDE travel mankind travels", "number": "626"}, 
{"text": "abortion clinic attack 2 new will two facility organized CLINICS clinics CLINIC abortions miscarriage ABORTION", "number": "629"}, 
{"text": "gulf war syndrome will may us also new 4 syndromes wars WAR gulfs warfare vietnams", "number": "630"}, 
{"text": "mandela south africa president us may will also new presidents Mandela AFRICA mandelas africas Africa", "number": "631"}, 
{"text": "southeast asia tin mining development 000 must based research new 2 asias se continent east defense metals", "number": "632"}, 
{"text": "welsh devolution use 000 may including Welsh Devolution DEVOLUTION relegation european europeans", "number": "633"}, 
{"text": "l tryptophan deaths 2 us will develop per 6 death tryptophans 50 alteration fatalities going", "number": "634"}, 
{"text": "doctor assisted suicides us even members actively among take suicide DOCTOR SUICIDE physicians physician doctors", "number": "635"}, 
{"text": "jury duty exemptions will new also may DUTY JURY obligations juries responsibilities jurys", "number": "636"}, 
{"text": "human growth hormone hgh 2 development two including will new humans HORMONE endocrine hormones growing steroids", "number": "637"}, 
{"text": "wrongful convictions 000 many mr may conviction sentence sentences belief believes faith", "number": "638"}, 
{"text": "consumer on line shopping research new will 000 consumers lines CONSUMER guidelines customers row", "number": "639"}, 
{"text": "maternity leave policies new 93 will may tax pregnancies LEAVE pregnancy policy gestation motherhood", "number": "640"}, 
{"text": "valdez wildlife marine life will may 93 research development two living VALDEZ lives valdezs WILDLIFE marines", "number": "641"}, 
{"text": "tiananmen square protesters may 4 market three will dissident dissidents squares protester Square number", "number": "642"}, 
{"text": "salmon dams pacific northwest will 2 two power south services environmental salmons dam northwests dike coho rivers", "number": "643"}, 
{"text": "exotic animals import new control also first information without ANIMALS imports creatures importations animal beast", "number": "644"}, 
{"text": "software piracy will new us Piracy upgrades documentation freeware assembler windows", "number": "645"}, 
{"text": "food stamps increase new industry will may 4 program foods mold stamp Foods mould increases", "number": "646"}, 
{"text": "windmill electricity new mr use health Windmill windmills generator energy generators engine", "number": "647"}, 
{"text": "family leave law new mr will program control household families households LAWS familys laws", "number": "648"}, 
{"text": "computer viruses will technology new calculator COMPUTERS VIRUS VIRUSES virus computers", "number": "649"}, 
{"text": "tax evasion indicted state government will also mr EVASION taxation TAX taxes levy rates", "number": "650"}, 
{"text": "us ethnic population will state 4 new populations ethnics america group someone individuals", "number": "651"}, 
{"text": "oic balkans 1990s will also bosnia Balkans decades arabia period ground", "number": "652"}, 
{"text": "eta basque terrorism will many state industry must international basques etas Eta letter european portuguese", "number": "653"}, 
{"text": "same sex schools must many will 2 school sexes bestiality homosexuality category intercourse", "number": "654"}, 
{"text": "add diagnosis treatment present hours research system will technology adds diagnosing treatments diagnoses dealing management", "number": "655"}, 
{"text": "lead poisoning children will new 2 us childs POISONING poisonings pb minor youngsters", "number": "656"}, 
{"text": "school prayer banned may two since related also use prayers schools PRAYER petition petitions SCHOOL", "number": "657"}, 
{"text": "teenage pregnancy 4 production may high pregnancies maternity gestations status infertility dependency", "number": "658"}, 
{"text": "cruise health safety new 2 3 use sail cruises sails wellness SAIL voyage", "number": "659"}, 
{"text": "whale watching california will us says 3 ca CALIFORNIA whales observations WATCHING californias", "number": "660"}, 
{"text": "melanoma treatment causes will many research also chemical cause treatments melanomas dealing management factors", "number": "661"}, 
{"text": "telemarketer protection old trying technology will protections preservation screens defense activity shield", "number": "662"}, 
{"text": "agent orange exposure will 3 service market agents exposures motor influence representative causation", "number": "663"}, 
{"text": "american indian museum new development state two also will museums INDIANS americans indians MUSEUM asian", "number": "664"}, 
{"text": "poverty africa sub sahara will world may many years edition according saharas africas Africa Sahara wants want", "number": "665"}, 
{"text": "thatcher resignation impact will may two major economic industrial resignations thatchers RESIGNATION Thatcher striking results", "number": "666"}, 
{"text": "unmarried partner households 000 state even family will us household partners spouses families FAMILY", "number": "667"}, 
{"text": "poverty disease may high new research POVERTY diseases illnesses illness want endemic", "number": "668"}, 
{"text": "islamic revolution two national 2 also revolutions change changes coup gathering birth", "number": "669"}, 
{"text": "us elections apathy now companies will two must 93 APATHY election america americas ELECTION unions", "number": "670"}, 
{"text": "salvation army benefits 000 county will us special Army ARMY armies armys salvations benefit", "number": "671"}, 
{"text": "nra membership profile will new based company environmental MEMBERSHIP NRA nras profiles memberships body", "number": "672"}, 
{"text": "soviet withdrawal afghanistan development nuclear state last will may afghanistans soviets AFGHANISTAN WITHDRAWAL withdrawals councils", "number": "673"}, 
{"text": "greenpeace prosecuted 2 us recently GREENPEACE Greenpeace greenpeaces organizations committees organisation", "number": "674"}, 
{"text": "olympics training swimming us 4 two 000 will 2 breeding olympiads olympiad swims swim TRAINING", "number": "675"}, 
{"text": "poppy cultivation will production new poppies cultivations farming flower flowers agriculture", "number": "676"}, 
{"text": "leaning tower of pisa power <HEADLINE> will must research including tendency pisas towers TOWER propensity shape", "number": "677"}, 
{"text": "joint custody impact us tax will new may impacts detentions CUSTODY detention result blow", "number": "678"}, 
{"text": "opening adoption records new must state first may tax acceptance ADOPTIONS RECORDS openings adoptions record", "number": "679"}, 
{"text": "immigrants spanish school will may two high state new immigrant IMMIGRANTS schools SCHOOL SCHOOLS buildings", "number": "680"}, 
{"text": "wind power location technology new research will based winds WIND locations thermal disposal activities", "number": "681"}, 
{"text": "adult immigrants english national high will 3 10 first immigrant IMMIGRANTS adults someone elders nation", "number": "682"}, 
{"text": "czechoslovakia breakup last time will may separation BREAKUP czechoslovakias breakups ending change", "number": "683"}, 
{"text": "part time benefits research new will last mr welfare BENEFITS portion parts benefit component", "number": "684"}, 
{"text": "oscar winner selection will 2 first since system years oscars WINNER winners victor choice selections", "number": "685"}, 
{"text": "argentina pegging dollar will may without regime also Argentina argentinas dollars greenback brazils uruguay", "number": "686"}, 
{"text": "northern ireland industry will new two also power Ireland industries Northern irelands manufacture industrys", "number": "687"}, 
{"text": "non us media bias government many will new research may last usa medium prejudices america US americas", "number": "688"}, 
{"text": "family planning aid will new also plannings help household familys AID assistance", "number": "689"}, 
{"text": "college education advantage technology new tax important colleges COLLEGE advantages EDUCATION educations instruction", "number": "690"}, 
{"text": "clear cutting forests make made energy use mr state cuttings FORESTS woods woodlands timberland open", "number": "691"}, 
{"text": "prostate cancer detection treatment new 2 technology will disease test prostates Treatment cancers CANCER treatments find", "number": "692"}, 
{"text": "newspapers electronic media will new technology system medium Media newspaper film cinema dailies", "number": "693"}, 
{"text": "compost pile will research must heaps plenty batch mountain composts lots", "number": "694"}, 
{"text": "white collar crime sentence us system people city will state also collars SENTENCE crimes conviction SENTENCES whites", "number": "695"}, 
{"text": "safety plastic surgery new mr 2 use will may plastics SURGERY surgeries rooms thermoplastic area", "number": "696"}, 
{"text": "air traffic controller us two system based also work controllers airs regions someone somebody individual", "number": "697"}, 
{"text": "literacy rates africa us 10 will tax also rate LITERACY africas accomplishments skill", "number": "698"}, 
{"text": "term limits will 2 new LIMIT LIMITS limit incumbency period session", "number": "699"}, 
{"text": "gasoline tax us will 2 energy production TAX taxation gasolines america GASOLINE taxes", "number": "700"}]}
