{"queries": [{"text": "foreign trade  will development exchange economic", "number": "1"}, {"text": "united states foreign policy in gulf  cooperation division economic new exchange trade market", "number": "2"}, {"text": "deadly disease due to diet  new american will particularly women states us", "number": "3"}, {"text": "Africa inflation  economic year will", "number": "4"}, {"text": "when was the fall of Saigon  may following", "number": "5"}, {"text": "height of Eastern Ghats in India  new </HEADLINE>", "number": "6"}, {"text": "leading cause of death in United States since 1990  states trade will may high china countries also", "number": "7"}, {"text": "Lead poisoning in 1989  new may united 3", "number": "8"}, {"text": "Butrus-Ghali Germany support  will economic", "number": "9"}, {"text": "global warming  trade economic us also", "number": "10"}, {"text": "Mortal Kombat violent  division cause", "number": "11"}, {"text": "Shakespeare poems  </HEADLINE> will new", "number": "12"}, {"text": "software security  foreign us policy", "number": "13"}, {"text": "technology transfer  foreign enterprises research exchange", "number": "14"}, {"text": "small pox effects  market number research 3 may", "number": "15"}, {"text": "world cup Italy  economic will states </HEADLINE>", "number": "16"}, {"text": "Stevie Ray Vaughan birth  since giving", "number": "17"}, {"text": "ISRO PSLV failure  economic software", "number": "18"}, {"text": "why Boston tea party  foreign will state national", "number": "19"}, {"text": "thanksgiving turkey recipe  years three will 2 must using", "number": "20"}, {"text": "television impact  foreign enterprises will states", "number": "21"}, {"text": "Bob Dole political views  system new will trade", "number": "22"}, {"text": "pollution control to reduce lung diseases  new high technology system will levels related although", "number": "23"}, {"text": "mahatma gandhi  since future will must", "number": "24"}, {"text": "america crime rate  state text lead new will high", "number": "25"}, {"text": "oil crisis time  trade will new economic us energy", "number": "26"}, {"text": "Ninja Turtles  <HEADLINE>", "number": "27"}, {"text": "terrorists before 1990  may arab year since", "number": "28"}, {"text": "player recruit diet  will new first three year last", "number": "29"}, {"text": "movies in Cannes film festival  will foreign </HEADLINE> <HEADLINE> world us", "number": "30"}, {"text": "brazil industry forest  will world research policy", "number": "31"}, {"text": "Nuclear Reactor ", "number": "32"}, {"text": "Yosemite wildfire  now national", "number": "33"}, {"text": "egg muffin breakfast recipes  oil research three day 2 4 will new", "number": "34"}, {"text": "JBC ", "number": "35"}]}