{"queries": [{"text": "foreign trade will development exchange economic crafts trades handicraft drafting jobs job", "number": "1"}, {"text": "united states foreign policy in gulf cooperation division economic new exchange trade market gulfs province Gulf state GULF policies", "number": "2"}, {"text": "deadly disease due to diet new american will particularly women states us diets diseases illnesses right endemic illness", "number": "3"}, {"text": "Africa inflation economic year will africas africa continents continent supply europe", "number": "4"}, {"text": "when was the fall of Saigon may following autumn SAIGON saigons saigon city season", "number": "5"}, {"text": "height of Eastern Ghats in India new </HEADLINE> india ghat indias heights summit ghats", "number": "6"}, {"text": "leading cause of death in United States since 1990 states trade will may high china countries also causes provinces province DEATH state leadership", "number": "7"}, {"text": "Lead poisoning in 1989 new may united 3 leads POISONING poisonings pb intoxication lead", "number": "8"}, {"text": "Butrus-Ghali Germany support will economic germanys supports deutschland frg GERMANY frgs", "number": "9"}, {"text": "global warming trade economic us also heating HEATING WARMING melting boiling melt", "number": "10"}, {"text": "Mortal Kombat violent division cause souls mortal MORTALS mortals individual someone", "number": "11"}, {"text": "Shakespeare poems </HEADLINE> will new shakespeare poem shakespeares sonnet lyrics verses", "number": "12"}, {"text": "software security foreign us policy securities assets safety insurance status possession", "number": "13"}, {"text": "technology transfer foreign enterprises research exchange transportation engineering souls deliveries its discipline", "number": "14"}, {"text": "small pox effects market number research 3 may result syphilis effect results consequence consequences", "number": "15"}, {"text": "world cup Italy economic will states </HEADLINE> World existence cups italy Cup italia", "number": "16"}, {"text": "Stevie Ray Vaughan birth since giving vaughan vaughans ray rays kickoff kickoffs", "number": "17"}, {"text": "ISRO PSLV failure economic software failures malfunction occurrence out failing negligence", "number": "18"}, {"text": "why Boston tea party foreign will state national boston parties bostons partys teas dance", "number": "19"}, {"text": "thanksgiving turkey recipe years three will 2 must using turkeys formulas thanksgivings RECIPES TURKEY recipes", "number": "20"}, {"text": "television impact foreign enterprises will states impacts tvs tv televisions Television TELEVISION", "number": "21"}, {"text": "Bob Dole political views system new will trade doles dole bob view background share", "number": "22"}, {"text": "pollution control to reduce lung diseases new high technology system will levels related although CONTROLS POLLUTION LUNGS controls lungs Pollution", "number": "23"}, {"text": "mahatma gandhi since future will must mahatmas gandhis statesmans statesman sages major", "number": "24"}, {"text": "america crime rate state text lead new will high crimes CRIME usa rates uss AMERICA", "number": "25"}, {"text": "oil crisis time trade will new economic us energy crises CRISES CRISIS period periods petroleum", "number": "26"}, {"text": "Ninja Turtles <HEADLINE> turtle ninjas turtles turtleneck TURTLE ninja", "number": "27"}, {"text": "terrorists before 1990 may arab year since TERRORISTS terrorist salim carlos revolutionary subversive", "number": "28"}, {"text": "player recruit diet will new first three year last RECRUITS players diets participants recruits participant", "number": "29"}, {"text": "movies in Cannes film festival will foreign </HEADLINE> <HEADLINE> world us CANNES Festival movie FILM cinemas Cinema", "number": "30"}, {"text": "brazil industry forest will world research policy woods timberland industries wood timberlands manufactures", "number": "31"}, {"text": "Nuclear Reactor reactor reactors setup bwr pwr generator", "number": "32"}, {"text": "Yosemite wildfire now national WILDFIRE wildfires WILDFIRES yosemite YOSEMITE yosemites", "number": "33"}, {"text": "egg muffin breakfast recipes oil research three day 2 4 will new breakfasts RECIPE formulas recipe muffins MUFFINS", "number": "34"}, {"text": "JBC", "number": "35"}]}