{"queries": [{"text": "foreign trade  crafts trades handicraft drafting jobs job", "number": "1"}, {"text": "united states foreign policy in gulf  gulfs province Gulf state GULF policies", "number": "2"}, {"text": "deadly disease due to diet  diets diseases illnesses right endemic illness", "number": "3"}, {"text": "Africa inflation  africas africa continents continent supply europe", "number": "4"}, {"text": "when was the fall of Saigon  autumn SAIGON saigons saigon city season", "number": "5"}, {"text": "height of Eastern Ghats in India  india ghat indias heights summit ghats", "number": "6"}, {"text": "leading cause of death in United States since 1990  causes provinces province DEATH state leadership", "number": "7"}, {"text": "Lead poisoning in 1989  leads POISONING poisonings pb intoxication lead", "number": "8"}, {"text": "Butrus-Ghali Germany support  germanys supports deutschland frg GERMANY frgs", "number": "9"}, {"text": "global warming  heating HEATING WARMING melting boiling melt", "number": "10"}, {"text": "Mortal Kombat violent  souls mortal MORTALS mortals individual someone", "number": "11"}, {"text": "Shakespeare poems  shakespeare poem shakespeares sonnet lyrics verses", "number": "12"}, {"text": "software security  securities assets safety insurance status possession", "number": "13"}, {"text": "technology transfer  transportation engineering souls deliveries its discipline", "number": "14"}, {"text": "small pox effects  result syphilis effect results consequence consequences", "number": "15"}, {"text": "world cup Italy  World existence cups italy Cup italia", "number": "16"}, {"text": "Stevie Ray Vaughan birth  vaughan vaughans ray rays kickoff kickoffs", "number": "17"}, {"text": "ISRO PSLV failure  failures malfunction occurrence out failing negligence", "number": "18"}, {"text": "why Boston tea party  boston parties bostons partys teas dance", "number": "19"}, {"text": "thanksgiving turkey recipe  turkeys formulas thanksgivings RECIPES TURKEY recipes", "number": "20"}, {"text": "television impact  impacts tvs tv televisions Television TELEVISION", "number": "21"}, {"text": "Bob Dole political views  doles dole bob view background share", "number": "22"}, {"text": "pollution control to reduce lung diseases  CONTROLS POLLUTION LUNGS controls lungs Pollution", "number": "23"}, {"text": "mahatma gandhi  mahatmas gandhis statesmans statesman sages major", "number": "24"}, {"text": "america crime rate  crimes CRIME usa rates uss AMERICA", "number": "25"}, {"text": "oil crisis time  crises CRISES CRISIS period periods petroleum", "number": "26"}, {"text": "Ninja Turtles  turtle ninjas turtles turtleneck TURTLE ninja", "number": "27"}, {"text": "terrorists before 1990  TERRORISTS terrorist salim carlos revolutionary subversive", "number": "28"}, {"text": "player recruit diet  RECRUITS players diets participants recruits participant", "number": "29"}, {"text": "movies in Cannes film festival  CANNES Festival movie FILM cinemas Cinema", "number": "30"}, {"text": "brazil industry forest  woods timberland industries wood timberlands manufactures", "number": "31"}, {"text": "Nuclear Reactor  reactor reactors setup bwr pwr generator", "number": "32"}, {"text": "Yosemite wildfire  WILDFIRE wildfires WILDFIRES yosemite YOSEMITE yosemites", "number": "33"}, {"text": "egg muffin breakfast recipes  breakfasts RECIPE formulas recipe muffins MUFFINS", "number": "34"}, {"text": "JBC ", "number": "35"}]}