{"queries": [{"text": "international organized crime  criminal law russian crimes", "number": "301"}, {"text": "poliomyelitis and post polio  n vaccines measles pneumonia will health", "number": "302"}, {"text": "hubble telescope achievements  two will today space", "number": "303"}, {"text": "endangered species mammals  marine service law also mammal two", "number": "304"}, {"text": "most dangerous vehicles  nuclear two also law", "number": "305"}, {"text": "african civilian deaths  government military use police", "number": "306"}, {"text": "new hydroelectric projects  power government development capacity project will", "number": "307"}, {"text": "implant dentistry  development new health", "number": "308"}, {"text": "rap and crime  will also organized now", "number": "309"}, {"text": "radio waves and brain cancer  will service even energy following new may", "number": "310"}, {"text": "industrial espionage  group among will organized", "number": "311"}, {"text": "hydroponics  4 called", "number": "312"}, {"text": "magnetic levitation maglev  new two force line project projects", "number": "313"}, {"text": "marine vegetation  new development project years", "number": "314"}, {"text": "unexplained highway accidents  accident many will projects also 4", "number": "315"}, {"text": "polygamy polyandry polygyny  among support well", "number": "316"}, {"text": "unsolicited faxes  energy first 000 use", "number": "317"}, {"text": "best retirement country  two pension project new now", "number": "318"}, {"text": "new fuel sources  power rule energy may will 2", "number": "319"}, {"text": "undersea fiber optic cable  system optical 2 new power first marine cables", "number": "320"}, {"text": "women in parliaments  new will point german", "number": "321"}, {"text": "international art crime  will new optic also mr", "number": "322"}, {"text": "literary journalistic plagiarism  among people years work must edition", "number": "323"}, {"text": "argentine british relations  will energy argentina new year", "number": "324"}, {"text": "cult lifestyles  fuel may recent organization", "number": "325"}, {"text": "ferry sinkings  will first", "number": "326"}, {"text": "modern slavery  technology first will economic", "number": "327"}, {"text": "pope beatifications  3 must", "number": "328"}, {"text": "mexican air pollution  state 10 will also new", "number": "329"}, {"text": "iran iraq cooperation  new will power foreign project also", "number": "330"}, {"text": "world bank criticism  energy project also year us must", "number": "331"}, {"text": "income tax evasion  will new energy also", "number": "332"}, {"text": "antibiotics bacteria disease  new many may also", "number": "333"}, {"text": "export controls cryptography  tax will ii shall 3 equipment", "number": "334"}, {"text": "adoptive biological parents  new many child family will", "number": "335"}, {"text": "black bear attacks  government use shall world will two", "number": "336"}, {"text": "viral hepatitis  5 6 ii control", "number": "337"}, {"text": "risk of aspirin  says children will two", "number": "338"}, {"text": "alzheimers drug treatment  new also will 2 3 ii", "number": "339"}, {"text": "land mine ban  will may project year", "number": "340"}, {"text": "airport security  also new government", "number": "341"}, {"text": "diplomatic expulsion  also new us", "number": "342"}, {"text": "police deaths  will tax two", "number": "343"}, {"text": "abuses of e mail  rights alleged new system will", "number": "344"}, {"text": "overseas tobacco sales  many company will tax 2 also", "number": "345"}, {"text": "educational standards  state many will new", "number": "346"}, {"text": "wildlife extinction  will 2 may", "number": "347"}, {"text": "agoraphobia  fighting", "number": "348"}, {"text": "metabolism  will 2", "number": "349"}, {"text": "health and computer terminals  system state will 2", "number": "350"}, {"text": "falkland petroleum exploration  local 93 will two energy", "number": "351"}, {"text": "british chunnel impact  project year will rail years", "number": "352"}, {"text": "antarctica exploration  may use us oil", "number": "353"}, {"text": "journalist risks  must now many health", "number": "354"}, {"text": "ocean remote sensing  research energy technology new 000", "number": "355"}, {"text": "postmenopausal estrogen britain  year many also use addresses great", "number": "356"}, {"text": "territorial waters dispute  new based will 2", "number": "357"}, {"text": "blood alcohol fatalities  new use research tax last per", "number": "358"}, {"text": "mutual fund predictors  tax new research", "number": "359"}, {"text": "drug legalization benefits  air crime government now", "number": "360"}, {"text": "clothing sweatshops  market including may many", "number": "361"}, {"text": "human smuggling  us development will 3", "number": "362"}, {"text": "transportation tunnel disasters  will technology new 3 research", "number": "363"}, {"text": "rabies  will new", "number": "364"}, {"text": "el nino  new 3 will systems", "number": "365"}, {"text": "commercial cyanide uses  use first will company specific", "number": "366"}, {"text": "piracy  will control", "number": "367"}, {"text": "in vitro fertilization  also year may program", "number": "368"}, {"text": "anorexia nervosa bulimia  develop patients best may first", "number": "369"}, {"text": "food drug laws  research new use development also federal", "number": "370"}, {"text": "health insurance holistic  research development new systems", "number": "371"}, {"text": "native american casino  also 2 new system will", "number": "372"}, {"text": "encryption equipment export  2 control technology research develop", "number": "373"}, {"text": "nobel prize winners  new 3 technology will may", "number": "374"}, {"text": "hydrogen energy  2 system technology", "number": "375"}, {"text": "world court  new develop 3", "number": "376"}, {"text": "cigar smoking  new state control", "number": "377"}, {"text": "euro opposition  new 2 will also", "number": "378"}, {"text": "mainstreaming  edition might", "number": "379"}, {"text": "obesity medical treatment  drug high technology new will many", "number": "380"}, {"text": "alternative medicine  new development us", "number": "381"}, {"text": "hydrogen fuel automobiles  will 2 energy system new", "number": "382"}, {"text": "mental illness drugs  new also will drug 2", "number": "383"}, {"text": "space station moon  develop also 2 research will development", "number": "384"}, {"text": "hybrid fuel cars  research use will technology energy", "number": "385"}, {"text": "teaching disabled children  program 10 2 3 will", "number": "386"}, {"text": "radioactive waste  fuel us new", "number": "387"}, {"text": "organic soil enhancement  research new will also wildlife", "number": "388"}, {"text": "illegal technology transfer  use drug energy will", "number": "389"}, {"text": "orphan drugs  technology development 2 3", "number": "390"}, {"text": "rd drug prices  2 3 year based countries oil", "number": "391"}, {"text": "robotics  research new", "number": "392"}, {"text": "mercy killing  will now drug also", "number": "393"}, {"text": "home schooling  based two will system", "number": "394"}, {"text": "tourism  research system", "number": "395"}, {"text": "sick building syndrome  air many research new b", "number": "396"}, {"text": "automobile recalls  new production market mr", "number": "397"}, {"text": "dismantling europes arsenal  will 10 us", "number": "398"}, {"text": "oceanographic vessels  technology equipment will 2", "number": "399"}, {"text": "amazon rain forest  new may edition american will", "number": "400"}, {"text": "foreign minorities germany  may two will national new", "number": "401"}, {"text": "behavioral genetics  development human systems 2", "number": "402"}, {"text": "osteoporosis  new 2", "number": "403"}, {"text": "ireland peace talks  will new", "number": "404"}, {"text": "cosmic events  us space will energy", "number": "405"}, {"text": "parkinsons disease  new national will research", "number": "406"}, {"text": "poaching wildlife preserves  crime </HEADLINE> will research existing local", "number": "407"}, {"text": "tropical storms  two first also may", "number": "408"}, {"text": "legal pan am 103  12 office world year new will", "number": "409"}, {"text": "schengen agreement  will also control among", "number": "410"}, {"text": "salvaging shipwreck treasure  scientists fields also act work cent", "number": "411"}, {"text": "airport security  new system us", "number": "412"}, {"text": "steel production  new use technology will", "number": "413"}, {"text": "cuba sugar exports  new energy will 2 now agricultural", "number": "414"}, {"text": "drugs golden triangle  new will three known mr", "number": "415"}, {"text": "three gorges project  major projects will power research may", "number": "416"}, {"text": "creativity  technology research", "number": "417"}, {"text": "quilts income  will may new power", "number": "418"}, {"text": "recycle automobile tires  system now research new", "number": "419"}, {"text": "carbon monoxide poisoning  2 control national two food officials", "number": "420"}, {"text": "industrial waste disposal  technology 2 will new", "number": "421"}, {"text": "art stolen forged  new research two 000 bank", "number": "422"}, {"text": "milosevic mirjana markovic  may now says president will government", "number": "423"}, {"text": "suicides  2 3", "number": "424"}, {"text": "counterfeiting money  technology mr will may", "number": "425"}, {"text": "law enforcement dogs  new 3 program system will drug", "number": "426"}, {"text": "uv damage eyes  new system may will", "number": "427"}, {"text": "declining birth rates  rate still new use will tax", "number": "428"}, {"text": "legionnaires disease  state us new 2", "number": "429"}, {"text": "killer bee attacks  water county will may bees given", "number": "430"}, {"text": "robotic technology  research control may", "number": "431"}, {"text": "profiling motorists police  will may new also", "number": "432"}, {"text": "greek philosophy stoicism  also state programs economic like even", "number": "433"}, {"text": "estonia economy  3 4 will energy", "number": "434"}, {"text": "curbing population growth  crime environmental also develop will may", "number": "435"}, {"text": "railway accidents  will development 3 also", "number": "436"}, {"text": "deregulation gas electric  new energy will research", "number": "437"}, {"text": "tourism increase  research system technology will", "number": "438"}, {"text": "inventions scientific discoveries  new mr production will research", "number": "439"}, {"text": "child labor  new must system", "number": "440"}, {"text": "lyme disease  first including will research", "number": "441"}, {"text": "heroic acts  edition japan will 2", "number": "442"}, {"text": "us investment africa  new tax research will 2", "number": "443"}, {"text": "supercritical fluids  process co research new", "number": "444"}, {"text": "women clergy  will two new", "number": "445"}, {"text": "tourists violence  will also mr", "number": "446"}, {"text": "stirling engine  will use development 3", "number": "447"}, {"text": "ship losses  new will tax large", "number": "448"}, {"text": "antibiotics ineffectiveness  research new", "number": "449"}, {"text": "king hussein peace  will state may new", "number": "450"}, {"text": "turkey iraq water  2 development use will may", "number": "601"}, {"text": "czech slovak sovereignty  will production energy state national", "number": "602"}, {"text": "tobacco cigarette lawsuit  research new national mr first", "number": "603"}, {"text": "lyme disease arthritis  first including will research new may", "number": "604"}, {"text": "great britain health care  problems need states adopt will new technology", "number": "605"}, {"text": "leg traps ban  water high also now new will", "number": "606"}, {"text": "human genetic code  new 3 technology c work", "number": "607"}, {"text": "taxing social security  new 3 will systems", "number": "608"}, {"text": "per capita alcohol consumption  energy state 3 many will tax system", "number": "609"}, {"text": "minimum wage adverse impact  will state new c section 2", "number": "610"}, {"text": "kurds germany violence  will also must new", "number": "611"}, {"text": "tibet protesters  will use including last", "number": "612"}, {"text": "berlin wall disposal  will new also may waste mr", "number": "613"}, {"text": "flavr savr tomato  inc whether technology new", "number": "614"}, {"text": "timber exports asia  will 2 energy may mr", "number": "615"}, {"text": "volkswagen mexico  technology 2 new also", "number": "616"}, {"text": "russia cuba economy  will us new energy development also", "number": "617"}, {"text": "ayatollah khomeini death  2 5 will may", "number": "618"}, {"text": "winnie mandela scandal  will world us though club", "number": "619"}, {"text": "france nuclear testing  new 4 technology 2 will", "number": "620"}, {"text": "women ordained church of england  will mr state may", "number": "621"}, {"text": "price fixing  research state system first", "number": "622"}, {"text": "toxic chemical weapon  new 10 research technology will production", "number": "623"}, {"text": "sdi star wars  technology us research new systems", "number": "624"}, {"text": "arrests bombing wtc  two made us car may space", "number": "625"}, {"text": "human stampede  services resources will year", "number": "626"}, {"text": "russian food crisis  new energy us market will production", "number": "627"}, {"text": "us invasion of panama  2 new will many may", "number": "628"}, {"text": "abortion clinic attack  2 new will two facility organized", "number": "629"}, {"text": "gulf war syndrome  will may us also new 4", "number": "630"}, {"text": "mandela south africa president  us may will also new", "number": "631"}, {"text": "southeast asia tin mining  development 000 must based research new 2", "number": "632"}, {"text": "welsh devolution  use 000 may including", "number": "633"}, {"text": "l tryptophan deaths  2 us will develop per 6", "number": "634"}, {"text": "doctor assisted suicides  us even members actively among take", "number": "635"}, {"text": "jury duty exemptions  will new also may", "number": "636"}, {"text": "human growth hormone hgh  2 development two including will new", "number": "637"}, {"text": "wrongful convictions  000 many mr may", "number": "638"}, {"text": "consumer on line shopping  research new will 000", "number": "639"}, {"text": "maternity leave policies  new 93 will may tax", "number": "640"}, {"text": "valdez wildlife marine life  will may 93 research development two", "number": "641"}, {"text": "tiananmen square protesters  may 4 market three will", "number": "642"}, {"text": "salmon dams pacific northwest  will 2 two power south services environmental", "number": "643"}, {"text": "exotic animals import  new control also first information without", "number": "644"}, {"text": "software piracy  will new us", "number": "645"}, {"text": "food stamps increase  new industry will may 4 program", "number": "646"}, {"text": "windmill electricity  new mr use health", "number": "647"}, {"text": "family leave law  new mr will program control", "number": "648"}, {"text": "computer viruses  will technology new", "number": "649"}, {"text": "tax evasion indicted  state government will also mr", "number": "650"}, {"text": "us ethnic population  will state 4 new", "number": "651"}, {"text": "oic balkans 1990s  will also bosnia", "number": "652"}, {"text": "eta basque terrorism  will many state industry must international", "number": "653"}, {"text": "same sex schools  must many will 2", "number": "654"}, {"text": "add diagnosis treatment  present hours research system will technology", "number": "655"}, {"text": "lead poisoning children  will new 2 us", "number": "656"}, {"text": "school prayer banned  may two since related also use", "number": "657"}, {"text": "teenage pregnancy  4 production may high", "number": "658"}, {"text": "cruise health safety  new 2 3 use", "number": "659"}, {"text": "whale watching california  will us says 3", "number": "660"}, {"text": "melanoma treatment causes  will many research also chemical", "number": "661"}, {"text": "telemarketer protection  old trying technology will", "number": "662"}, {"text": "agent orange exposure  will 3 service market", "number": "663"}, {"text": "american indian museum  new development state two also will", "number": "664"}, {"text": "poverty africa sub sahara  will world may many years edition according", "number": "665"}, {"text": "thatcher resignation impact  will may two major economic industrial", "number": "666"}, {"text": "unmarried partner households  000 state even family will us", "number": "667"}, {"text": "poverty disease  may high new research", "number": "668"}, {"text": "islamic revolution  two national 2 also", "number": "669"}, {"text": "us elections apathy  now companies will two must 93", "number": "670"}, {"text": "salvation army benefits  000 county will us special", "number": "671"}, {"text": "nra membership profile  will new based company environmental", "number": "672"}, {"text": "soviet withdrawal afghanistan  development nuclear state last will may", "number": "673"}, {"text": "greenpeace prosecuted  2 us recently", "number": "674"}, {"text": "olympics training swimming  us 4 two 000 will 2", "number": "675"}, {"text": "poppy cultivation  will production new", "number": "676"}, {"text": "leaning tower of pisa  power <HEADLINE> will must research including", "number": "677"}, {"text": "joint custody impact  us tax will new may", "number": "678"}, {"text": "opening adoption records  new must state first may tax", "number": "679"}, {"text": "immigrants spanish school  will may two high state new", "number": "680"}, {"text": "wind power location  technology new research will based", "number": "681"}, {"text": "adult immigrants english  national high will 3 10 first", "number": "682"}, {"text": "czechoslovakia breakup  last time will may", "number": "683"}, {"text": "part time benefits  research new will last mr", "number": "684"}, {"text": "oscar winner selection  will 2 first since system years", "number": "685"}, {"text": "argentina pegging dollar  will may without regime also", "number": "686"}, {"text": "northern ireland industry  will new two also power", "number": "687"}, {"text": "non us media bias  government many will new research may last", "number": "688"}, {"text": "family planning aid  will new also", "number": "689"}, {"text": "college education advantage  technology new tax important", "number": "690"}, {"text": "clear cutting forests  make made energy use mr state", "number": "691"}, {"text": "prostate cancer detection treatment  new 2 technology will disease test", "number": "692"}, {"text": "newspapers electronic media  will new technology system", "number": "693"}, {"text": "compost pile  will research must", "number": "694"}, {"text": "white collar crime sentence  us system people city will state also", "number": "695"}, {"text": "safety plastic surgery  new mr 2 use will may", "number": "696"}, {"text": "air traffic controller  us two system based also work", "number": "697"}, {"text": "literacy rates africa  us 10 will tax also", "number": "698"}, {"text": "term limits  will 2 new", "number": "699"}, {"text": "gasoline tax us  will 2 energy production", "number": "700"}]}