<topics>
<topic>
<num>301</num>
<title>international organized crime</title>
<desc> description of the query : international organized crime</desc>
<narr>international organized crime</narr>
<count>1</count>
</topic>
<topic>
<num>302</num>
<title>poliomyelitis and post polio</title>
<desc> description of the query : poliomyelitis and post polio</desc>
<narr>poliomyelitis and post polio</narr>
<count>0</count>
</topic>
<topic>
<num>303</num>
<title>hubble telescope achievements</title>
<desc> description of the query : hubble telescope achievements</desc>
<narr>hubble telescope achievements</narr>
<count>5</count>
</topic>
<topic>
<num>304</num>
<title>endangered species mammals</title>
<desc> description of the query : endangered species mammals</desc>
<narr>endangered species mammals</narr>
<count>1</count>
</topic>
<topic>
<num>305</num>
<title>most dangerous vehicles</title>
<desc> description of the query : most dangerous vehicles</desc>
<narr>most dangerous vehicles</narr>
<count>1</count>
</topic>
<topic>
<num>306</num>
<title>african civilian deaths</title>
<desc> description of the query : african civilian deaths</desc>
<narr>african civilian deaths</narr>
<count>10</count>
</topic>
<topic>
<num>307</num>
<title>new hydroelectric projects</title>
<desc> description of the query : new hydroelectric projects</desc>
<narr>new hydroelectric projects</narr>
<count>4</count>
</topic>
<topic>
<num>308</num>
<title>implant dentistry</title>
<desc> description of the query : implant dentistry</desc>
<narr>implant dentistry</narr>
<count>5</count>
</topic>
<topic>
<num>309</num>
<title>rap and crime</title>
<desc> description of the query : rap and crime</desc>
<narr>rap and crime</narr>
<count>10</count>
</topic>
<topic>
<num>310</num>
<title>radio waves and brain cancer</title>
<desc> description of the query : radio waves and brain cancer</desc>
<narr>radio waves and brain cancer</narr>
<count>1</count>
</topic>
<topic>
<num>311</num>
<title>industrial espionage</title>
<desc> description of the query : industrial espionage</desc>
<narr>industrial espionage</narr>
<count>4</count>
</topic>
<topic>
<num>312</num>
<title>hydroponics</title>
<desc> description of the query : hydroponics</desc>
<narr>hydroponics</narr>
<count>0</count>
</topic>
<topic>
<num>313</num>
<title>magnetic levitation maglev</title>
<desc> description of the query : magnetic levitation maglev</desc>
<narr>magnetic levitation maglev</narr>
<count>3</count>
</topic>
<topic>
<num>314</num>
<title>marine vegetation</title>
<desc> description of the query : marine vegetation</desc>
<narr>marine vegetation</narr>
<count>7</count>
</topic>
<topic>
<num>315</num>
<title>unexplained highway accidents</title>
<desc> description of the query : unexplained highway accidents</desc>
<narr>unexplained highway accidents</narr>
<count>3</count>
</topic>
<topic>
<num>316</num>
<title>polygamy polyandry polygyny</title>
<desc> description of the query : polygamy polyandry polygyny</desc>
<narr>polygamy polyandry polygyny</narr>
<count>2</count>
</topic>
<topic>
<num>317</num>
<title>unsolicited faxes</title>
<desc> description of the query : unsolicited faxes</desc>
<narr>unsolicited faxes</narr>
<count>6</count>
</topic>
<topic>
<num>318</num>
<title>best retirement country</title>
<desc> description of the query : best retirement country</desc>
<narr>best retirement country</narr>
<count>8</count>
</topic>
<topic>
<num>319</num>
<title>new fuel sources</title>
<desc> description of the query : new fuel sources</desc>
<narr>new fuel sources</narr>
<count>9</count>
</topic>
<topic>
<num>320</num>
<title>undersea fiber optic cable</title>
<desc> description of the query : undersea fiber optic cable</desc>
<narr>undersea fiber optic cable</narr>
<count>4</count>
</topic>
<topic>
<num>321</num>
<title>women in parliaments</title>
<desc> description of the query : women in parliaments</desc>
<narr>women in parliaments</narr>
<count>1</count>
</topic>
<topic>
<num>322</num>
<title>international art crime</title>
<desc> description of the query : international art crime</desc>
<narr>international art crime</narr>
<count>4</count>
</topic>
<topic>
<num>323</num>
<title>literary journalistic plagiarism</title>
<desc> description of the query : literary journalistic plagiarism</desc>
<narr>literary journalistic plagiarism</narr>
<count>3</count>
</topic>
<topic>
<num>324</num>
<title>argentine british relations</title>
<desc> description of the query : argentine british relations</desc>
<narr>argentine british relations</narr>
<count>10</count>
</topic>
<topic>
<num>325</num>
<title>cult lifestyles</title>
<desc> description of the query : cult lifestyles</desc>
<narr>cult lifestyles</narr>
<count>10</count>
</topic>
<topic>
<num>326</num>
<title>ferry sinkings</title>
<desc> description of the query : ferry sinkings</desc>
<narr>ferry sinkings</narr>
<count>8</count>
</topic>
<topic>
<num>327</num>
<title>modern slavery</title>
<desc> description of the query : modern slavery</desc>
<narr>modern slavery</narr>
<count>3</count>
</topic>
<topic>
<num>328</num>
<title>pope beatifications</title>
<desc> description of the query : pope beatifications</desc>
<narr>pope beatifications</narr>
<count>9</count>
</topic>
<topic>
<num>329</num>
<title>mexican air pollution</title>
<desc> description of the query : mexican air pollution</desc>
<narr>mexican air pollution</narr>
<count>2</count>
</topic>
<topic>
<num>330</num>
<title>iran iraq cooperation</title>
<desc> description of the query : iran iraq cooperation</desc>
<narr>iran iraq cooperation</narr>
<count>8</count>
</topic>
<topic>
<num>331</num>
<title>world bank criticism</title>
<desc> description of the query : world bank criticism</desc>
<narr>world bank criticism</narr>
<count>2</count>
</topic>
<topic>
<num>332</num>
<title>income tax evasion</title>
<desc> description of the query : income tax evasion</desc>
<narr>income tax evasion</narr>
<count>2</count>
</topic>
<topic>
<num>333</num>
<title>antibiotics bacteria disease</title>
<desc> description of the query : antibiotics bacteria disease</desc>
<narr>antibiotics bacteria disease</narr>
<count>8</count>
</topic>
<topic>
<num>334</num>
<title>export controls cryptography</title>
<desc> description of the query : export controls cryptography</desc>
<narr>export controls cryptography</narr>
<count>6</count>
</topic>
<topic>
<num>335</num>
<title>adoptive biological parents</title>
<desc> description of the query : adoptive biological parents</desc>
<narr>adoptive biological parents</narr>
<count>3</count>
</topic>
<topic>
<num>336</num>
<title>black bear attacks</title>
<desc> description of the query : black bear attacks</desc>
<narr>black bear attacks</narr>
<count>3</count>
</topic>
<topic>
<num>337</num>
<title>viral hepatitis</title>
<desc> description of the query : viral hepatitis</desc>
<narr>viral hepatitis</narr>
<count>3</count>
</topic>
<topic>
<num>338</num>
<title>risk of aspirin</title>
<desc> description of the query : risk of aspirin</desc>
<narr>risk of aspirin</narr>
<count>9</count>
</topic>
<topic>
<num>339</num>
<title>alzheimers drug treatment</title>
<desc> description of the query : alzheimers drug treatment</desc>
<narr>alzheimers drug treatment</narr>
<count>1</count>
</topic>
<topic>
<num>340</num>
<title>land mine ban</title>
<desc> description of the query : land mine ban</desc>
<narr>land mine ban</narr>
<count>0</count>
</topic>
<topic>
<num>341</num>
<title>airport security</title>
<desc> description of the query : airport security</desc>
<narr>airport security</narr>
<count>0</count>
</topic>
<topic>
<num>342</num>
<title>diplomatic expulsion</title>
<desc> description of the query : diplomatic expulsion</desc>
<narr>diplomatic expulsion</narr>
<count>0</count>
</topic>
<topic>
<num>343</num>
<title>police deaths</title>
<desc> description of the query : police deaths</desc>
<narr>police deaths</narr>
<count>1</count>
</topic>
<topic>
<num>344</num>
<title>abuses of e mail</title>
<desc> description of the query : abuses of e mail</desc>
<narr>abuses of e mail</narr>
<count>8</count>
</topic>
<topic>
<num>345</num>
<title>overseas tobacco sales</title>
<desc> description of the query : overseas tobacco sales</desc>
<narr>overseas tobacco sales</narr>
<count>0</count>
</topic>
<topic>
<num>346</num>
<title>educational standards</title>
<desc> description of the query : educational standards</desc>
<narr>educational standards</narr>
<count>2</count>
</topic>
<topic>
<num>347</num>
<title>wildlife extinction</title>
<desc> description of the query : wildlife extinction</desc>
<narr>wildlife extinction</narr>
<count>6</count>
</topic>
<topic>
<num>348</num>
<title>agoraphobia</title>
<desc> description of the query : agoraphobia</desc>
<narr>agoraphobia</narr>
<count>0</count>
</topic>
<topic>
<num>349</num>
<title>metabolism</title>
<desc> description of the query : metabolism</desc>
<narr>metabolism</narr>
<count>4</count>
</topic>
<topic>
<num>350</num>
<title>health and computer terminals</title>
<desc> description of the query : health and computer terminals</desc>
<narr>health and computer terminals</narr>
<count>2</count>
</topic>
<topic>
<num>351</num>
<title>falkland petroleum exploration</title>
<desc> description of the query : falkland petroleum exploration</desc>
<narr>falkland petroleum exploration</narr>
<count>9</count>
</topic>
<topic>
<num>352</num>
<title>british chunnel impact</title>
<desc> description of the query : british chunnel impact</desc>
<narr>british chunnel impact</narr>
<count>9</count>
</topic>
<topic>
<num>353</num>
<title>antarctica exploration</title>
<desc> description of the query : antarctica exploration</desc>
<narr>antarctica exploration</narr>
<count>6</count>
</topic>
<topic>
<num>354</num>
<title>journalist risks</title>
<desc> description of the query : journalist risks</desc>
<narr>journalist risks</narr>
<count>2</count>
</topic>
<topic>
<num>355</num>
<title>ocean remote sensing</title>
<desc> description of the query : ocean remote sensing</desc>
<narr>ocean remote sensing</narr>
<count>9</count>
</topic>
<topic>
<num>356</num>
<title>postmenopausal estrogen britain</title>
<desc> description of the query : postmenopausal estrogen britain</desc>
<narr>postmenopausal estrogen britain</narr>
<count>3</count>
</topic>
<topic>
<num>357</num>
<title>territorial waters dispute</title>
<desc> description of the query : territorial waters dispute</desc>
<narr>territorial waters dispute</narr>
<count>10</count>
</topic>
<topic>
<num>358</num>
<title>blood alcohol fatalities</title>
<desc> description of the query : blood alcohol fatalities</desc>
<narr>blood alcohol fatalities</narr>
<count>5</count>
</topic>
<topic>
<num>359</num>
<title>mutual fund predictors</title>
<desc> description of the query : mutual fund predictors</desc>
<narr>mutual fund predictors</narr>
<count>6</count>
</topic>
<topic>
<num>360</num>
<title>drug legalization benefits</title>
<desc> description of the query : drug legalization benefits</desc>
<narr>drug legalization benefits</narr>
<count>8</count>
</topic>
<topic>
<num>361</num>
<title>clothing sweatshops</title>
<desc> description of the query : clothing sweatshops</desc>
<narr>clothing sweatshops</narr>
<count>6</count>
</topic>
<topic>
<num>362</num>
<title>human smuggling</title>
<desc> description of the query : human smuggling</desc>
<narr>human smuggling</narr>
<count>8</count>
</topic>
<topic>
<num>363</num>
<title>transportation tunnel disasters</title>
<desc> description of the query : transportation tunnel disasters</desc>
<narr>transportation tunnel disasters</narr>
<count>8</count>
</topic>
<topic>
<num>364</num>
<title>rabies</title>
<desc> description of the query : rabies</desc>
<narr>rabies</narr>
<count>5</count>
</topic>
<topic>
<num>365</num>
<title>el nino</title>
<desc> description of the query : el nino</desc>
<narr>el nino</narr>
<count>3</count>
</topic>
<topic>
<num>366</num>
<title>commercial cyanide uses</title>
<desc> description of the query : commercial cyanide uses</desc>
<narr>commercial cyanide uses</narr>
<count>1</count>
</topic>
<topic>
<num>367</num>
<title>piracy</title>
<desc> description of the query : piracy</desc>
<narr>piracy</narr>
<count>8</count>
</topic>
<topic>
<num>368</num>
<title>in vitro fertilization</title>
<desc> description of the query : in vitro fertilization</desc>
<narr>in vitro fertilization</narr>
<count>2</count>
</topic>
<topic>
<num>369</num>
<title>anorexia nervosa bulimia</title>
<desc> description of the query : anorexia nervosa bulimia</desc>
<narr>anorexia nervosa bulimia</narr>
<count>2</count>
</topic>
<topic>
<num>370</num>
<title>food drug laws</title>
<desc> description of the query : food drug laws</desc>
<narr>food drug laws</narr>
<count>9</count>
</topic>
<topic>
<num>371</num>
<title>health insurance holistic</title>
<desc> description of the query : health insurance holistic</desc>
<narr>health insurance holistic</narr>
<count>5</count>
</topic>
<topic>
<num>372</num>
<title>native american casino</title>
<desc> description of the query : native american casino</desc>
<narr>native american casino</narr>
<count>3</count>
</topic>
<topic>
<num>373</num>
<title>encryption equipment export</title>
<desc> description of the query : encryption equipment export</desc>
<narr>encryption equipment export</narr>
<count>0</count>
</topic>
<topic>
<num>374</num>
<title>nobel prize winners</title>
<desc> description of the query : nobel prize winners</desc>
<narr>nobel prize winners</narr>
<count>5</count>
</topic>
<topic>
<num>375</num>
<title>hydrogen energy</title>
<desc> description of the query : hydrogen energy</desc>
<narr>hydrogen energy</narr>
<count>8</count>
</topic>
<topic>
<num>376</num>
<title>world court</title>
<desc> description of the query : world court</desc>
<narr>world court</narr>
<count>5</count>
</topic>
<topic>
<num>377</num>
<title>cigar smoking</title>
<desc> description of the query : cigar smoking</desc>
<narr>cigar smoking</narr>
<count>6</count>
</topic>
<topic>
<num>378</num>
<title>euro opposition</title>
<desc> description of the query : euro opposition</desc>
<narr>euro opposition</narr>
<count>0</count>
</topic>
<topic>
<num>379</num>
<title>mainstreaming</title>
<desc> description of the query : mainstreaming</desc>
<narr>mainstreaming</narr>
<count>4</count>
</topic>
<topic>
<num>380</num>
<title>obesity medical treatment</title>
<desc> description of the query : obesity medical treatment</desc>
<narr>obesity medical treatment</narr>
<count>0</count>
</topic>
<topic>
<num>381</num>
<title>alternative medicine</title>
<desc> description of the query : alternative medicine</desc>
<narr>alternative medicine</narr>
<count>3</count>
</topic>
<topic>
<num>382</num>
<title>hydrogen fuel automobiles</title>
<desc> description of the query : hydrogen fuel automobiles</desc>
<narr>hydrogen fuel automobiles</narr>
<count>5</count>
</topic>
<topic>
<num>383</num>
<title>mental illness drugs</title>
<desc> description of the query : mental illness drugs</desc>
<narr>mental illness drugs</narr>
<count>9</count>
</topic>
<topic>
<num>384</num>
<title>space station moon</title>
<desc> description of the query : space station moon</desc>
<narr>space station moon</narr>
<count>5</count>
</topic>
<topic>
<num>385</num>
<title>hybrid fuel cars</title>
<desc> description of the query : hybrid fuel cars</desc>
<narr>hybrid fuel cars</narr>
<count>1</count>
</topic>
<topic>
<num>386</num>
<title>teaching disabled children</title>
<desc> description of the query : teaching disabled children</desc>
<narr>teaching disabled children</narr>
<count>10</count>
</topic>
<topic>
<num>387</num>
<title>radioactive waste</title>
<desc> description of the query : radioactive waste</desc>
<narr>radioactive waste</narr>
<count>3</count>
</topic>
<topic>
<num>388</num>
<title>organic soil enhancement</title>
<desc> description of the query : organic soil enhancement</desc>
<narr>organic soil enhancement</narr>
<count>3</count>
</topic>
<topic>
<num>389</num>
<title>illegal technology transfer</title>
<desc> description of the query : illegal technology transfer</desc>
<narr>illegal technology transfer</narr>
<count>9</count>
</topic>
<topic>
<num>390</num>
<title>orphan drugs</title>
<desc> description of the query : orphan drugs</desc>
<narr>orphan drugs</narr>
<count>6</count>
</topic>
<topic>
<num>391</num>
<title>rd drug prices</title>
<desc> description of the query : rd drug prices</desc>
<narr>rd drug prices</narr>
<count>10</count>
</topic>
<topic>
<num>392</num>
<title>robotics</title>
<desc> description of the query : robotics</desc>
<narr>robotics</narr>
<count>5</count>
</topic>
<topic>
<num>393</num>
<title>mercy killing</title>
<desc> description of the query : mercy killing</desc>
<narr>mercy killing</narr>
<count>8</count>
</topic>
<topic>
<num>394</num>
<title>home schooling</title>
<desc> description of the query : home schooling</desc>
<narr>home schooling</narr>
<count>2</count>
</topic>
<topic>
<num>395</num>
<title>tourism</title>
<desc> description of the query : tourism</desc>
<narr>tourism</narr>
<count>10</count>
</topic>
<topic>
<num>396</num>
<title>sick building syndrome</title>
<desc> description of the query : sick building syndrome</desc>
<narr>sick building syndrome</narr>
<count>2</count>
</topic>
<topic>
<num>397</num>
<title>automobile recalls</title>
<desc> description of the query : automobile recalls</desc>
<narr>automobile recalls</narr>
<count>9</count>
</topic>
<topic>
<num>398</num>
<title>dismantling europes arsenal</title>
<desc> description of the query : dismantling europes arsenal</desc>
<narr>dismantling europes arsenal</narr>
<count>9</count>
</topic>
<topic>
<num>399</num>
<title>oceanographic vessels</title>
<desc> description of the query : oceanographic vessels</desc>
<narr>oceanographic vessels</narr>
<count>1</count>
</topic>
<topic>
<num>400</num>
<title>amazon rain forest</title>
<desc> description of the query : amazon rain forest</desc>
<narr>amazon rain forest</narr>
<count>0</count>
</topic>
<topic>
<num>401</num>
<title>foreign minorities germany</title>
<desc> description of the query : foreign minorities germany</desc>
<narr>foreign minorities germany</narr>
<count>9</count>
</topic>
<topic>
<num>402</num>
<title>behavioral genetics</title>
<desc> description of the query : behavioral genetics</desc>
<narr>behavioral genetics</narr>
<count>2</count>
</topic>
<topic>
<num>403</num>
<title>osteoporosis</title>
<desc> description of the query : osteoporosis</desc>
<narr>osteoporosis</narr>
<count>10</count>
</topic>
<topic>
<num>404</num>
<title>ireland peace talks</title>
<desc> description of the query : ireland peace talks</desc>
<narr>ireland peace talks</narr>
<count>3</count>
</topic>
<topic>
<num>405</num>
<title>cosmic events</title>
<desc> description of the query : cosmic events</desc>
<narr>cosmic events</narr>
<count>0</count>
</topic>
<topic>
<num>406</num>
<title>parkinsons disease</title>
<desc> description of the query : parkinsons disease</desc>
<narr>parkinsons disease</narr>
<count>5</count>
</topic>
<topic>
<num>407</num>
<title>poaching wildlife preserves</title>
<desc> description of the query : poaching wildlife preserves</desc>
<narr>poaching wildlife preserves</narr>
<count>4</count>
</topic>
<topic>
<num>408</num>
<title>tropical storms</title>
<desc> description of the query : tropical storms</desc>
<narr>tropical storms</narr>
<count>4</count>
</topic>
<topic>
<num>409</num>
<title>legal pan am 103</title>
<desc> description of the query : legal pan am 103</desc>
<narr>legal pan am 103</narr>
<count>1</count>
</topic>
<topic>
<num>410</num>
<title>schengen agreement</title>
<desc> description of the query : schengen agreement</desc>
<narr>schengen agreement</narr>
<count>7</count>
</topic>
<topic>
<num>411</num>
<title>salvaging shipwreck treasure</title>
<desc> description of the query : salvaging shipwreck treasure</desc>
<narr>salvaging shipwreck treasure</narr>
<count>7</count>
</topic>
<topic>
<num>412</num>
<title>airport security</title>
<desc> description of the query : airport security</desc>
<narr>airport security</narr>
<count>9</count>
</topic>
<topic>
<num>413</num>
<title>steel production</title>
<desc> description of the query : steel production</desc>
<narr>steel production</narr>
<count>4</count>
</topic>
<topic>
<num>414</num>
<title>cuba sugar exports</title>
<desc> description of the query : cuba sugar exports</desc>
<narr>cuba sugar exports</narr>
<count>10</count>
</topic>
<topic>
<num>415</num>
<title>drugs golden triangle</title>
<desc> description of the query : drugs golden triangle</desc>
<narr>drugs golden triangle</narr>
<count>8</count>
</topic>
<topic>
<num>416</num>
<title>three gorges project</title>
<desc> description of the query : three gorges project</desc>
<narr>three gorges project</narr>
<count>9</count>
</topic>
<topic>
<num>417</num>
<title>creativity</title>
<desc> description of the query : creativity</desc>
<narr>creativity</narr>
<count>2</count>
</topic>
<topic>
<num>418</num>
<title>quilts income</title>
<desc> description of the query : quilts income</desc>
<narr>quilts income</narr>
<count>0</count>
</topic>
<topic>
<num>419</num>
<title>recycle automobile tires</title>
<desc> description of the query : recycle automobile tires</desc>
<narr>recycle automobile tires</narr>
<count>6</count>
</topic>
<topic>
<num>420</num>
<title>carbon monoxide poisoning</title>
<desc> description of the query : carbon monoxide poisoning</desc>
<narr>carbon monoxide poisoning</narr>
<count>3</count>
</topic>
<topic>
<num>421</num>
<title>industrial waste disposal</title>
<desc> description of the query : industrial waste disposal</desc>
<narr>industrial waste disposal</narr>
<count>10</count>
</topic>
<topic>
<num>422</num>
<title>art stolen forged</title>
<desc> description of the query : art stolen forged</desc>
<narr>art stolen forged</narr>
<count>8</count>
</topic>
<topic>
<num>423</num>
<title>milosevic mirjana markovic</title>
<desc> description of the query : milosevic mirjana markovic</desc>
<narr>milosevic mirjana markovic</narr>
<count>6</count>
</topic>
<topic>
<num>424</num>
<title>suicides</title>
<desc> description of the query : suicides</desc>
<narr>suicides</narr>
<count>0</count>
</topic>
<topic>
<num>425</num>
<title>counterfeiting money</title>
<desc> description of the query : counterfeiting money</desc>
<narr>counterfeiting money</narr>
<count>7</count>
</topic>
<topic>
<num>426</num>
<title>law enforcement dogs</title>
<desc> description of the query : law enforcement dogs</desc>
<narr>law enforcement dogs</narr>
<count>8</count>
</topic>
<topic>
<num>427</num>
<title>uv damage eyes</title>
<desc> description of the query : uv damage eyes</desc>
<narr>uv damage eyes</narr>
<count>7</count>
</topic>
<topic>
<num>428</num>
<title>declining birth rates</title>
<desc> description of the query : declining birth rates</desc>
<narr>declining birth rates</narr>
<count>3</count>
</topic>
<topic>
<num>429</num>
<title>legionnaires disease</title>
<desc> description of the query : legionnaires disease</desc>
<narr>legionnaires disease</narr>
<count>5</count>
</topic>
<topic>
<num>430</num>
<title>killer bee attacks</title>
<desc> description of the query : killer bee attacks</desc>
<narr>killer bee attacks</narr>
<count>5</count>
</topic>
<topic>
<num>431</num>
<title>robotic technology</title>
<desc> description of the query : robotic technology</desc>
<narr>robotic technology</narr>
<count>10</count>
</topic>
<topic>
<num>432</num>
<title>profiling motorists police</title>
<desc> description of the query : profiling motorists police</desc>
<narr>profiling motorists police</narr>
<count>7</count>
</topic>
<topic>
<num>433</num>
<title>greek philosophy stoicism</title>
<desc> description of the query : greek philosophy stoicism</desc>
<narr>greek philosophy stoicism</narr>
<count>5</count>
</topic>
<topic>
<num>434</num>
<title>estonia economy</title>
<desc> description of the query : estonia economy</desc>
<narr>estonia economy</narr>
<count>3</count>
</topic>
<topic>
<num>435</num>
<title>curbing population growth</title>
<desc> description of the query : curbing population growth</desc>
<narr>curbing population growth</narr>
<count>4</count>
</topic>
<topic>
<num>436</num>
<title>railway accidents</title>
<desc> description of the query : railway accidents</desc>
<narr>railway accidents</narr>
<count>5</count>
</topic>
<topic>
<num>437</num>
<title>deregulation gas electric</title>
<desc> description of the query : deregulation gas electric</desc>
<narr>deregulation gas electric</narr>
<count>1</count>
</topic>
<topic>
<num>438</num>
<title>tourism increase</title>
<desc> description of the query : tourism increase</desc>
<narr>tourism increase</narr>
<count>7</count>
</topic>
<topic>
<num>439</num>
<title>inventions scientific discoveries</title>
<desc> description of the query : inventions scientific discoveries</desc>
<narr>inventions scientific discoveries</narr>
<count>1</count>
</topic>
<topic>
<num>440</num>
<title>child labor</title>
<desc> description of the query : child labor</desc>
<narr>child labor</narr>
<count>10</count>
</topic>
<topic>
<num>441</num>
<title>lyme disease</title>
<desc> description of the query : lyme disease</desc>
<narr>lyme disease</narr>
<count>6</count>
</topic>
<topic>
<num>442</num>
<title>heroic acts</title>
<desc> description of the query : heroic acts</desc>
<narr>heroic acts</narr>
<count>8</count>
</topic>
<topic>
<num>443</num>
<title>us investment africa</title>
<desc> description of the query : us investment africa</desc>
<narr>us investment africa</narr>
<count>3</count>
</topic>
<topic>
<num>444</num>
<title>supercritical fluids</title>
<desc> description of the query : supercritical fluids</desc>
<narr>supercritical fluids</narr>
<count>7</count>
</topic>
<topic>
<num>445</num>
<title>women clergy</title>
<desc> description of the query : women clergy</desc>
<narr>women clergy</narr>
<count>6</count>
</topic>
<topic>
<num>446</num>
<title>tourists violence</title>
<desc> description of the query : tourists violence</desc>
<narr>tourists violence</narr>
<count>5</count>
</topic>
<topic>
<num>447</num>
<title>stirling engine</title>
<desc> description of the query : stirling engine</desc>
<narr>stirling engine</narr>
<count>7</count>
</topic>
<topic>
<num>448</num>
<title>ship losses</title>
<desc> description of the query : ship losses</desc>
<narr>ship losses</narr>
<count>1</count>
</topic>
<topic>
<num>449</num>
<title>antibiotics ineffectiveness</title>
<desc> description of the query : antibiotics ineffectiveness</desc>
<narr>antibiotics ineffectiveness</narr>
<count>0</count>
</topic>
<topic>
<num>450</num>
<title>king hussein peace</title>
<desc> description of the query : king hussein peace</desc>
<narr>king hussein peace</narr>
<count>7</count>
</topic>
<topic>
<num>601</num>
<title>turkey iraq water</title>
<desc> description of the query : turkey iraq water</desc>
<narr>turkey iraq water</narr>
<count>2</count>
</topic>
<topic>
<num>602</num>
<title>czech slovak sovereignty</title>
<desc> description of the query : czech slovak sovereignty</desc>
<narr>czech slovak sovereignty</narr>
<count>10</count>
</topic>
<topic>
<num>603</num>
<title>tobacco cigarette lawsuit</title>
<desc> description of the query : tobacco cigarette lawsuit</desc>
<narr>tobacco cigarette lawsuit</narr>
<count>2</count>
</topic>
<topic>
<num>604</num>
<title>lyme disease arthritis</title>
<desc> description of the query : lyme disease arthritis</desc>
<narr>lyme disease arthritis</narr>
<count>5</count>
</topic>
<topic>
<num>605</num>
<title>great britain health care</title>
<desc> description of the query : great britain health care</desc>
<narr>great britain health care</narr>
<count>3</count>
</topic>
<topic>
<num>606</num>
<title>leg traps ban</title>
<desc> description of the query : leg traps ban</desc>
<narr>leg traps ban</narr>
<count>4</count>
</topic>
<topic>
<num>607</num>
<title>human genetic code</title>
<desc> description of the query : human genetic code</desc>
<narr>human genetic code</narr>
<count>10</count>
</topic>
<topic>
<num>608</num>
<title>taxing social security</title>
<desc> description of the query : taxing social security</desc>
<narr>taxing social security</narr>
<count>5</count>
</topic>
<topic>
<num>609</num>
<title>per capita alcohol consumption</title>
<desc> description of the query : per capita alcohol consumption</desc>
<narr>per capita alcohol consumption</narr>
<count>4</count>
</topic>
<topic>
<num>610</num>
<title>minimum wage adverse impact</title>
<desc> description of the query : minimum wage adverse impact</desc>
<narr>minimum wage adverse impact</narr>
<count>1</count>
</topic>
<topic>
<num>611</num>
<title>kurds germany violence</title>
<desc> description of the query : kurds germany violence</desc>
<narr>kurds germany violence</narr>
<count>10</count>
</topic>
<topic>
<num>612</num>
<title>tibet protesters</title>
<desc> description of the query : tibet protesters</desc>
<narr>tibet protesters</narr>
<count>2</count>
</topic>
<topic>
<num>613</num>
<title>berlin wall disposal</title>
<desc> description of the query : berlin wall disposal</desc>
<narr>berlin wall disposal</narr>
<count>0</count>
</topic>
<topic>
<num>614</num>
<title>flavr savr tomato</title>
<desc> description of the query : flavr savr tomato</desc>
<narr>flavr savr tomato</narr>
<count>2</count>
</topic>
<topic>
<num>615</num>
<title>timber exports asia</title>
<desc> description of the query : timber exports asia</desc>
<narr>timber exports asia</narr>
<count>9</count>
</topic>
<topic>
<num>616</num>
<title>volkswagen mexico</title>
<desc> description of the query : volkswagen mexico</desc>
<narr>volkswagen mexico</narr>
<count>9</count>
</topic>
<topic>
<num>617</num>
<title>russia cuba economy</title>
<desc> description of the query : russia cuba economy</desc>
<narr>russia cuba economy</narr>
<count>3</count>
</topic>
<topic>
<num>618</num>
<title>ayatollah khomeini death</title>
<desc> description of the query : ayatollah khomeini death</desc>
<narr>ayatollah khomeini death</narr>
<count>10</count>
</topic>
<topic>
<num>619</num>
<title>winnie mandela scandal</title>
<desc> description of the query : winnie mandela scandal</desc>
<narr>winnie mandela scandal</narr>
<count>10</count>
</topic>
<topic>
<num>620</num>
<title>france nuclear testing</title>
<desc> description of the query : france nuclear testing</desc>
<narr>france nuclear testing</narr>
<count>1</count>
</topic>
<topic>
<num>621</num>
<title>women ordained church of england</title>
<desc> description of the query : women ordained church of england</desc>
<narr>women ordained church of england</narr>
<count>4</count>
</topic>
<topic>
<num>622</num>
<title>price fixing</title>
<desc> description of the query : price fixing</desc>
<narr>price fixing</narr>
<count>8</count>
</topic>
<topic>
<num>623</num>
<title>toxic chemical weapon</title>
<desc> description of the query : toxic chemical weapon</desc>
<narr>toxic chemical weapon</narr>
<count>6</count>
</topic>
<topic>
<num>624</num>
<title>sdi star wars</title>
<desc> description of the query : sdi star wars</desc>
<narr>sdi star wars</narr>
<count>2</count>
</topic>
<topic>
<num>625</num>
<title>arrests bombing wtc</title>
<desc> description of the query : arrests bombing wtc</desc>
<narr>arrests bombing wtc</narr>
<count>3</count>
</topic>
<topic>
<num>626</num>
<title>human stampede</title>
<desc> description of the query : human stampede</desc>
<narr>human stampede</narr>
<count>5</count>
</topic>
<topic>
<num>627</num>
<title>russian food crisis</title>
<desc> description of the query : russian food crisis</desc>
<narr>russian food crisis</narr>
<count>0</count>
</topic>
<topic>
<num>628</num>
<title>us invasion of panama</title>
<desc> description of the query : us invasion of panama</desc>
<narr>us invasion of panama</narr>
<count>4</count>
</topic>
<topic>
<num>629</num>
<title>abortion clinic attack</title>
<desc> description of the query : abortion clinic attack</desc>
<narr>abortion clinic attack</narr>
<count>3</count>
</topic>
<topic>
<num>630</num>
<title>gulf war syndrome</title>
<desc> description of the query : gulf war syndrome</desc>
<narr>gulf war syndrome</narr>
<count>7</count>
</topic>
<topic>
<num>631</num>
<title>mandela south africa president</title>
<desc> description of the query : mandela south africa president</desc>
<narr>mandela south africa president</narr>
<count>1</count>
</topic>
<topic>
<num>632</num>
<title>southeast asia tin mining</title>
<desc> description of the query : southeast asia tin mining</desc>
<narr>southeast asia tin mining</narr>
<count>9</count>
</topic>
<topic>
<num>633</num>
<title>welsh devolution</title>
<desc> description of the query : welsh devolution</desc>
<narr>welsh devolution</narr>
<count>3</count>
</topic>
<topic>
<num>634</num>
<title>l tryptophan deaths</title>
<desc> description of the query : l tryptophan deaths</desc>
<narr>l tryptophan deaths</narr>
<count>1</count>
</topic>
<topic>
<num>635</num>
<title>doctor assisted suicides</title>
<desc> description of the query : doctor assisted suicides</desc>
<narr>doctor assisted suicides</narr>
<count>1</count>
</topic>
<topic>
<num>636</num>
<title>jury duty exemptions</title>
<desc> description of the query : jury duty exemptions</desc>
<narr>jury duty exemptions</narr>
<count>2</count>
</topic>
<topic>
<num>637</num>
<title>human growth hormone hgh</title>
<desc> description of the query : human growth hormone hgh</desc>
<narr>human growth hormone hgh</narr>
<count>1</count>
</topic>
<topic>
<num>638</num>
<title>wrongful convictions</title>
<desc> description of the query : wrongful convictions</desc>
<narr>wrongful convictions</narr>
<count>1</count>
</topic>
<topic>
<num>639</num>
<title>consumer on line shopping</title>
<desc> description of the query : consumer on line shopping</desc>
<narr>consumer on line shopping</narr>
<count>2</count>
</topic>
<topic>
<num>640</num>
<title>maternity leave policies</title>
<desc> description of the query : maternity leave policies</desc>
<narr>maternity leave policies</narr>
<count>7</count>
</topic>
<topic>
<num>641</num>
<title>valdez wildlife marine life</title>
<desc> description of the query : valdez wildlife marine life</desc>
<narr>valdez wildlife marine life</narr>
<count>4</count>
</topic>
<topic>
<num>642</num>
<title>tiananmen square protesters</title>
<desc> description of the query : tiananmen square protesters</desc>
<narr>tiananmen square protesters</narr>
<count>5</count>
</topic>
<topic>
<num>643</num>
<title>salmon dams pacific northwest</title>
<desc> description of the query : salmon dams pacific northwest</desc>
<narr>salmon dams pacific northwest</narr>
<count>10</count>
</topic>
<topic>
<num>644</num>
<title>exotic animals import</title>
<desc> description of the query : exotic animals import</desc>
<narr>exotic animals import</narr>
<count>4</count>
</topic>
<topic>
<num>645</num>
<title>software piracy</title>
<desc> description of the query : software piracy</desc>
<narr>software piracy</narr>
<count>1</count>
</topic>
<topic>
<num>646</num>
<title>food stamps increase</title>
<desc> description of the query : food stamps increase</desc>
<narr>food stamps increase</narr>
<count>6</count>
</topic>
<topic>
<num>647</num>
<title>windmill electricity</title>
<desc> description of the query : windmill electricity</desc>
<narr>windmill electricity</narr>
<count>1</count>
</topic>
<topic>
<num>648</num>
<title>family leave law</title>
<desc> description of the query : family leave law</desc>
<narr>family leave law</narr>
<count>4</count>
</topic>
<topic>
<num>649</num>
<title>computer viruses</title>
<desc> description of the query : computer viruses</desc>
<narr>computer viruses</narr>
<count>7</count>
</topic>
<topic>
<num>650</num>
<title>tax evasion indicted</title>
<desc> description of the query : tax evasion indicted</desc>
<narr>tax evasion indicted</narr>
<count>3</count>
</topic>
<topic>
<num>651</num>
<title>us ethnic population</title>
<desc> description of the query : us ethnic population</desc>
<narr>us ethnic population</narr>
<count>9</count>
</topic>
<topic>
<num>652</num>
<title>oic balkans 1990s</title>
<desc> description of the query : oic balkans 1990s</desc>
<narr>oic balkans 1990s</narr>
<count>1</count>
</topic>
<topic>
<num>653</num>
<title>eta basque terrorism</title>
<desc> description of the query : eta basque terrorism</desc>
<narr>eta basque terrorism</narr>
<count>9</count>
</topic>
<topic>
<num>654</num>
<title>same sex schools</title>
<desc> description of the query : same sex schools</desc>
<narr>same sex schools</narr>
<count>2</count>
</topic>
<topic>
<num>655</num>
<title>add diagnosis treatment</title>
<desc> description of the query : add diagnosis treatment</desc>
<narr>add diagnosis treatment</narr>
<count>4</count>
</topic>
<topic>
<num>656</num>
<title>lead poisoning children</title>
<desc> description of the query : lead poisoning children</desc>
<narr>lead poisoning children</narr>
<count>8</count>
</topic>
<topic>
<num>657</num>
<title>school prayer banned</title>
<desc> description of the query : school prayer banned</desc>
<narr>school prayer banned</narr>
<count>4</count>
</topic>
<topic>
<num>658</num>
<title>teenage pregnancy</title>
<desc> description of the query : teenage pregnancy</desc>
<narr>teenage pregnancy</narr>
<count>8</count>
</topic>
<topic>
<num>659</num>
<title>cruise health safety</title>
<desc> description of the query : cruise health safety</desc>
<narr>cruise health safety</narr>
<count>6</count>
</topic>
<topic>
<num>660</num>
<title>whale watching california</title>
<desc> description of the query : whale watching california</desc>
<narr>whale watching california</narr>
<count>6</count>
</topic>
<topic>
<num>661</num>
<title>melanoma treatment causes</title>
<desc> description of the query : melanoma treatment causes</desc>
<narr>melanoma treatment causes</narr>
<count>0</count>
</topic>
<topic>
<num>662</num>
<title>telemarketer protection</title>
<desc> description of the query : telemarketer protection</desc>
<narr>telemarketer protection</narr>
<count>8</count>
</topic>
<topic>
<num>663</num>
<title>agent orange exposure</title>
<desc> description of the query : agent orange exposure</desc>
<narr>agent orange exposure</narr>
<count>0</count>
</topic>
<topic>
<num>664</num>
<title>american indian museum</title>
<desc> description of the query : american indian museum</desc>
<narr>american indian museum</narr>
<count>10</count>
</topic>
<topic>
<num>665</num>
<title>poverty africa sub sahara</title>
<desc> description of the query : poverty africa sub sahara</desc>
<narr>poverty africa sub sahara</narr>
<count>7</count>
</topic>
<topic>
<num>666</num>
<title>thatcher resignation impact</title>
<desc> description of the query : thatcher resignation impact</desc>
<narr>thatcher resignation impact</narr>
<count>3</count>
</topic>
<topic>
<num>667</num>
<title>unmarried partner households</title>
<desc> description of the query : unmarried partner households</desc>
<narr>unmarried partner households</narr>
<count>0</count>
</topic>
<topic>
<num>668</num>
<title>poverty disease</title>
<desc> description of the query : poverty disease</desc>
<narr>poverty disease</narr>
<count>10</count>
</topic>
<topic>
<num>669</num>
<title>islamic revolution</title>
<desc> description of the query : islamic revolution</desc>
<narr>islamic revolution</narr>
<count>6</count>
</topic>
<topic>
<num>670</num>
<title>us elections apathy</title>
<desc> description of the query : us elections apathy</desc>
<narr>us elections apathy</narr>
<count>10</count>
</topic>
<topic>
<num>671</num>
<title>salvation army benefits</title>
<desc> description of the query : salvation army benefits</desc>
<narr>salvation army benefits</narr>
<count>2</count>
</topic>
<topic>
<num>672</num>
<title>nra membership profile</title>
<desc> description of the query : nra membership profile</desc>
<narr>nra membership profile</narr>
<count>0</count>
</topic>
<topic>
<num>673</num>
<title>soviet withdrawal afghanistan</title>
<desc> description of the query : soviet withdrawal afghanistan</desc>
<narr>soviet withdrawal afghanistan</narr>
<count>6</count>
</topic>
<topic>
<num>674</num>
<title>greenpeace prosecuted</title>
<desc> description of the query : greenpeace prosecuted</desc>
<narr>greenpeace prosecuted</narr>
<count>1</count>
</topic>
<topic>
<num>675</num>
<title>olympics training swimming</title>
<desc> description of the query : olympics training swimming</desc>
<narr>olympics training swimming</narr>
<count>6</count>
</topic>
<topic>
<num>676</num>
<title>poppy cultivation</title>
<desc> description of the query : poppy cultivation</desc>
<narr>poppy cultivation</narr>
<count>1</count>
</topic>
<topic>
<num>677</num>
<title>leaning tower of pisa</title>
<desc> description of the query : leaning tower of pisa</desc>
<narr>leaning tower of pisa</narr>
<count>7</count>
</topic>
<topic>
<num>678</num>
<title>joint custody impact</title>
<desc> description of the query : joint custody impact</desc>
<narr>joint custody impact</narr>
<count>1</count>
</topic>
<topic>
<num>679</num>
<title>opening adoption records</title>
<desc> description of the query : opening adoption records</desc>
<narr>opening adoption records</narr>
<count>10</count>
</topic>
<topic>
<num>680</num>
<title>immigrants spanish school</title>
<desc> description of the query : immigrants spanish school</desc>
<narr>immigrants spanish school</narr>
<count>8</count>
</topic>
<topic>
<num>681</num>
<title>wind power location</title>
<desc> description of the query : wind power location</desc>
<narr>wind power location</narr>
<count>6</count>
</topic>
<topic>
<num>682</num>
<title>adult immigrants english</title>
<desc> description of the query : adult immigrants english</desc>
<narr>adult immigrants english</narr>
<count>2</count>
</topic>
<topic>
<num>683</num>
<title>czechoslovakia breakup</title>
<desc> description of the query : czechoslovakia breakup</desc>
<narr>czechoslovakia breakup</narr>
<count>1</count>
</topic>
<topic>
<num>684</num>
<title>part time benefits</title>
<desc> description of the query : part time benefits</desc>
<narr>part time benefits</narr>
<count>8</count>
</topic>
<topic>
<num>685</num>
<title>oscar winner selection</title>
<desc> description of the query : oscar winner selection</desc>
<narr>oscar winner selection</narr>
<count>7</count>
</topic>
<topic>
<num>686</num>
<title>argentina pegging dollar</title>
<desc> description of the query : argentina pegging dollar</desc>
<narr>argentina pegging dollar</narr>
<count>0</count>
</topic>
<topic>
<num>687</num>
<title>northern ireland industry</title>
<desc> description of the query : northern ireland industry</desc>
<narr>northern ireland industry</narr>
<count>3</count>
</topic>
<topic>
<num>688</num>
<title>non us media bias</title>
<desc> description of the query : non us media bias</desc>
<narr>non us media bias</narr>
<count>9</count>
</topic>
<topic>
<num>689</num>
<title>family planning aid</title>
<desc> description of the query : family planning aid</desc>
<narr>family planning aid</narr>
<count>3</count>
</topic>
<topic>
<num>690</num>
<title>college education advantage</title>
<desc> description of the query : college education advantage</desc>
<narr>college education advantage</narr>
<count>6</count>
</topic>
<topic>
<num>691</num>
<title>clear cutting forests</title>
<desc> description of the query : clear cutting forests</desc>
<narr>clear cutting forests</narr>
<count>2</count>
</topic>
<topic>
<num>692</num>
<title>prostate cancer detection treatment</title>
<desc> description of the query : prostate cancer detection treatment</desc>
<narr>prostate cancer detection treatment</narr>
<count>4</count>
</topic>
<topic>
<num>693</num>
<title>newspapers electronic media</title>
<desc> description of the query : newspapers electronic media</desc>
<narr>newspapers electronic media</narr>
<count>7</count>
</topic>
<topic>
<num>694</num>
<title>compost pile</title>
<desc> description of the query : compost pile</desc>
<narr>compost pile</narr>
<count>6</count>
</topic>
<topic>
<num>695</num>
<title>white collar crime sentence</title>
<desc> description of the query : white collar crime sentence</desc>
<narr>white collar crime sentence</narr>
<count>3</count>
</topic>
<topic>
<num>696</num>
<title>safety plastic surgery</title>
<desc> description of the query : safety plastic surgery</desc>
<narr>safety plastic surgery</narr>
<count>10</count>
</topic>
<topic>
<num>697</num>
<title>air traffic controller</title>
<desc> description of the query : air traffic controller</desc>
<narr>air traffic controller</narr>
<count>8</count>
</topic>
<topic>
<num>698</num>
<title>literacy rates africa</title>
<desc> description of the query : literacy rates africa</desc>
<narr>literacy rates africa</narr>
<count>10</count>
</topic>
<topic>
<num>699</num>
<title>term limits</title>
<desc> description of the query : term limits</desc>
<narr>term limits</narr>
<count>10</count>
</topic>
<topic>
<num>700</num>
<title>gasoline tax us</title>
<desc> description of the query : gasoline tax us</desc>
<narr>gasoline tax us</narr>
<count>1</count>
</topic>
</topics>